Recipient,Amount
7p4jXnmQVsCcMiQ1yjZyaTwzd5hSszA9EojQXjk2KxGS,0.4
2dzJ99kT49qf5XGiHfMPHtnGz5zhhMcEXXcQR4RS93Rt,0.4
EsAWtFmFqDeQrim1EDxPvb64ZSsSKYVCQXpno7RsiLFi,0.4
4LLzJiTR4p6JqR4biyVQ17NgXZ418mXSkbRYxaK4ghhj,0.4
BDzDhZrH2rPAoYdSU7qWMUjiiR5YzVspVhgoTZbcj2aa,0.4
J3KZp4VYFJ6vAeBS4nFirer3sHiHuTJ36L7LhLXtyNLk,0.4
CepdRgr17Fh8c17pGHujPpagX83Xbwjz532kMaVgV3MH,0.4
3Qzujs5M8X65ghNDQY7RXhX4epeyjEc6QcAxPJb1mEYJ,0.4
5C2yZxzVVnniiBeAj9stzjPotnFDRCwnZymkwzRHNQwd,0.4
933RhNVs1SThSasnxT4fkWQLcKs7pAPS5x7XnHGhEbag,0.4
4fomXevaf1kLZBzdy8XcwmxMxyeDDjgNFZ598UBTz27Q,0.4
2qETBVDHvTFFfhqTFJjhz7eA1NLe9XZXuUxKVabg71uL,0.4
3qEkwQwmDduud9Yasne7fQvr8A4UuwB158C2Rea2177X,0.4
6CgLfHMZXP27vcLW7f9x1fPfzDULxWNy7edpfVBzq6vP,0.4
2zSzb36tYMogYssSrRExLNUdBtrZvXgLwrx41kgh8Vkm,0.4
fa1ra81T7g5DzSn7XT6z36zNqupHpG1Eh7omB2F6GTh,0.4
5nkanyPiHssmJozTRtSS1UcPiu67yPUXSgoQdqUqBfXz,0.4
EMo7RRcgfbiQAZqV449dn5Evn7ndbMz5kWea1e7nX2D8,0.4
BisPRAwnkNiHq4MqA3tXENVDWH3Ekp6jRGaBhCtCwudS,0.4
Ed3vPhHHvgh9H3iiW1y4mFvSpmEerYqNkjpZxn88CVDt,0.4
5JGcYD78gXa3Gej474uQybX5Mydt1BB6Jm6qkwg6mBbh,0.4
8oQjmyy4ruVozVgehK2dz6knY5XMRQzxqSKpPnDi4ULw,0.4
EXq7Wg3t8yRPUvxLVWYZT9VJC9ew5izt3SqMq8jWWp46,0.4
Fef1aJ4dbAgPiWdeMG9Cmfgie5TrCfbTFaHrqufLgr2B,0.4
CD9nHBiS1az6P6DVyLGVATxY89PWjw78nhjHgcAqgQnE,0.4
9Z1sH4qzmaAGLTUeedZcAkg7pWQYEHj219iopULZYeq8,0.4
2X8BBBYrhcYSce7RP6eSSyC3fWNug9zi5xSbupd1mTrm,0.4
C3gj4HW2QV3i7UV7YpaFAJDju4T5KhLLpWVbuPfwyHAB,0.4
3zD9Ljw9pVwHo1rGW2cBPHXziYdugmKKCJm2Y5Pn9zAc,0.4
Gmd4AjYALkXYZAp6hhMTyoRhob7p5Gry29hzraR7nYDo,0.4
BCFHDjr3MTYmAY2q5e6iwLdtu5qrn2uwfDnz3WohF7pz,0.4
31VZcUETUMSytpw8fDfYh4fRYcU3b2snVKN5hNS4hGi8,0.4
H7otyuNXSNAkGAtLEa8P1MmdLnuVNwiFNh2Y8gFgWvTR,0.4
FXPLuRT7NTPrs1SpzuYSV1K1a3ZRgAAbfRf5fX64WibC,0.4
CjqX5GiX9ap1FewWbqqdUqJBFZZnftsn5NFzQhSvsf6f,0.4
8go2XB1o9YC1nVpnkmLJUAcrA8uHS3v75UitEXvbWAyj,0.4
Fwmje6GvbmEQuESXnZDaAig5zp2BNszvtY3qMhCWbFr8,0.4
AaNukpYxV5UvChc3TnmGAgMCQkkYstmqzq8P6gjC5x1p,0.4
8TkNd84pdJFS58RF5uaeGJyRXfDd6Vf5e6t4M5Auiuia,0.4
EFGmsHW9hDvmbtcJML7QLnoAq4VQrU25DUfTMXLnqhEU,0.4
5ZUpjh3s2wnvmrjvKLYXEQm3fNk4LNU3agjDfnycM51x,0.4
4q1N4KJcPtujeMNfxvWu3YpX8iAzbSeoJyxXih1HZ4tE,0.4
rX2tZVrJXJM9VaUpYqZo9zVwdGQfUDy1TZWMWFGoe7P,0.4
29NMr7MnLwhkUpj7pDCf4AQJ3kFjhduK3PRNwGcSECfC,0.4
E4oR84ZkYarB4qDQVbGfTNmju6ewdjdSQffdEjwAAoh2,0.4
7RkjeYcZJcLcWRGPorADF48QwL77k7EWYkfAmjuT6eJV,0.4
7xXRf2eB3pFt2sDBxH6sz3mmuhQ6HYTw48azhmPziNpv,0.4
5eNR1gF3GqXxrUXH4qfVJEwmLdrR9RwtWW8Box2VCS4z,0.4
DuW6ZchpEtHYJRK3P8vAHSoWKeupNEwyjBZYS6PG6TGJ,0.4
AcdUyjzapKTvEuFHBKBwgyDYES25EuqhJJSCeFCD7Z6e,0.4
CBiw3n2i3tjfQbvkXPX6G7sUxTHuyg3NDbTHv6QZn2np,0.4
J54mBmNZTi1st6dUSDDtMZTW2y5PoXT62D6vJuh7f8qk,0.4
9TijUJtSq8Li8HQww8HJhxtScMx5VnMNfaZJTSfL91iD,0.4
2ZDq451WNabDFQqZgtPM75fWEyv2Rrw9JKYDabx9SNcm,0.4
aaY2EkZ1zubpNJJdGEsZ2TsKcpqmturX5KpTd9VQDw1,0.4
m1u6KKfiVVLVwgsiT575vuCFvVK6nTmb9UcofVsTNBL,0.4
FbFKQRkCkvFqiBBH9S3dcPmp4dR25kvYERRsH4tcH6hC,0.4
4mqf27pRCTt6dEduMkVL3VdKjSkWFQxW5z15Pob71eZa,0.4
6y9ANVjvKJo7yqMQpwHnqHK8CeeynPeAPwBahEpbsFwb,0.4
Bu37Jbh8SbMXSwwrSgsMbaKagopof4LZ2oCSvKZpUD6f,0.4
DhprfDrP4BHHuZUNHQ9GJsV5Xhgw1SsxP52reiBgwto3,0.4
BZNwrFDt9EcKN4Lx34LfgrzTuYe7k5yYrJh7rSu2xhyW,0.4
3vHrhXVygkkrBXWxq8bKwoXgceTkZM3NuXgqaobMUYTH,0.4
HnEMv8jqdmqrJcCSwSQXntLJMYpWxrNABcZSYjjzEDvA,0.4
7SajwYhAJSEyH2QWSDt5hGvnPwMfuciQw71fgKkXoQsf,0.4
37FGNd6jx2BSQXsubRR6k4ea9XzjJnbFuwDLihq4PXZ4,0.4
FWs7zGQ8fc8uP6yPsptdynBT9wmm5iAngspn8BUkYkc4,0.4
CmDfsdByhYNmrKgcjk8zsyA6VHEMAyoMPCsLAx2FpgMr,0.4
A72aA6s54AjJkMsLaND9TNR8Pa5NkpctxqnTSSGnstvd,0.4
Eb3BAoDbMAF9eEzWsrsQtb7QwQPRvKyAyoJfbdH6m9xy,0.4
9zxXtfujSwDXLC3eeRghzSLFLPc8JLpGPzG5nYvTHHBi,0.4
7sWezx5Zc6n7CHaF1RhF9mL73grx3dfaAMuCED2bnZx4,0.4
HFaudVEnAmLcvZRxMpXXCK1eEBHrR2gkhGSWvRt1hoJC,0.4
WVQV2RTt8e52y6Vu4xjWi2jkKNU4Ry3bZy7xAZJEYKs,0.4
GqLEbDHDBF9sxUHrVp6uT8oM7XRisBV6nqk3qZ5QMYLt,0.4
J984nwax97V6DfG67442pjC87quvAJWhKHuZDE1aREf9,0.4
8TsTiccm6LXrre4VMuuRZjQzpqBDYqQN8bm2SimoYmUM,0.4
EdN36abRLHwdLb5uFww11yzTvc4mR6r1L7Q3w9qN5nZi,0.4
HFKAkWuU4NUmkcr4ycKVCQQP67gjcfMVCdYXU7HfVSdV,0.4
2onQFZDXUWjMbKgPheed2ANkbDsDq5wPrNNJGuEvMHZn,0.4
8RQBYwP1UY4zDkmfhHr8jLbTuiXqe4umyonJoi84BUVn,0.4
EDRF2WMTATtrzW3iKJoNbx8MfqV78YekarPSycfhiJfM,0.4
NiGEraip35Dr2CYH535nCUThF9o1VRDhfX6db29XL6n,0.4
AEifNTAb4qwgQV8tr7jYw81C3ioS57WsGePHiHYjFqSk,0.4
5cSh98ATdQpBULpiZvE4PwiLEbFc2xZLCLZVzXVE64LT,0.4
Hi1gtqoR9zueFaxboXQwNddkhagZkqtjVbQJgVrGUyd1,0.4
4dvZkwvaVHdS1tmyrpvVCvHvsxUKrzSGoWbrWJg6YqMx,0.4
8zc8wMS2CdECneFyMYCXHHLbuF4kXY5rZN3XCUcEdpMs,0.4
6Vb27d8dmGsB5u6uMKxJDGXfVP47Xa46wfmsfvDC2Q9n,0.4
5bouivQJ4CL4ibWD39RqNkSUNJFrw14hW6acXXPXngaw,0.4
5anUndFvsP9VNynRoKNY5ugLD9MW6f4aJ7CsrMxxc1QC,0.4
D4KguEjAovi4a3C9xPnXBhu6HxQXyKyymMqodYxoEGj1,0.4
DUDci5ZYwP5CmsB68afezuUHXXtANd4hjiEK9KG2jKs,0.4
J1htfgJzdsWCZR1uuXGYuhdcvjUGvFHQPf3Pca7GLJU2,0.4
9JtXXenV4WKg8YTxNo5e2JEF4jPfEuQhoyHwrPJkjeha,0.4
Gg5H634SdiQq2WAnBwp2C6THvTEcoteqpqnrH1ryaYct,0.4
9LCeF9nsq7WfW36LMdobxqfEPADiZqTngGVqgFgHbr4V,0.4
4aauwc3vgDkBFazCMtie9ATY338p3NDiM7an59dNygcw,0.4
4Cg3Qy2xP9uiGvNfxKQQHXv3YZDkAopVfDDg96b5fZna,0.4
9uKNcgpYRpCCUgLiG3jWrhek7GWk5FfBHgz3wzg5FVC7,0.4
4zGGk736PYq5C8zMQEXBCoBGWRhzjNybvJBPpZWD4Cpz,0.4
BVgatg9tSuSUZh9su6LfZcb8vg9LWsZuRSvN1ZuxqD7S,0.4
B5kQ3yhNmMhS7zFXgRhyY7hme1oFLE9ASGKcnicxjBgC,0.4
8mZ8QeQXtAAebxcyt7zbPF8GUX84BJrC6E5S62mT7LcK,0.4
3ns2G4sTEbRv5cJi2FkQAH1sQvoB5XBHNu2AGbHc6D88,0.4
36FcQbJN4knBqYMAwnMhwEDipUYYmdx34scjHPjPLPns,0.4
H5JqFnt8kCTuYo6J6g88kNokCgnwyCQaKNR8dCAoCwdJ,0.4
G2cZaqXPspUYcZyRa86AkBEbTJE7RpAA9xh1Bk7Dmtgx,0.4
6XPkzvChcafbsqVy5nWZQtmDfYMxhaWn1rCP8D9MJFrT,0.4
7kpaHSCxU9wFW6xi9XoQwUEfc2L4FyXZg3pGXx4KGcD4,0.4
5eM2BLRts89WugG6iHUnnvZzGyfUV9ftsKFfxRH5JQg1,0.4
7DUmbNUuYa55csLTYwacdALvnPdBCagR8boHVN8uFNyN,0.4
9jY1BLKMReS5fzCB6dPiVaKDZbSg2jdD47JLFFhkPuKM,0.4
J51yT9BXbAV8KcGd6fu9LE354k4Y36KDCfuDNmguvPtW,0.4
4cJd1NBV8iYgtryF468KVfadN4ZTHpDFxTiAvRXFKcae,0.4
BAnQEniNyqYGAAnHXumWjNKxPyXTCotpGQ7ddDwrXyr9,0.4
ALAb2MReMNT8hi2nCjz7LA3EygaBfn1MnXraEqEoFB6d,0.4
AHCFnqZL2ADZSgEJHN2TrYn5Wkm7FUv9m4tZizNT4vnW,0.4
5WjBDciThw1ApWPEa4SVftQCefrDdFLVUupyerxeqxdz,0.4
BfiVvqNUkqvWt7Lt9tT9akJzTf8d9g2JqvwEgx1dg3H,0.4
GTFHjpRrX3uAN58WWTQULhd1zWuqTWz99L53Yh4BVejW,0.4
C8c6dbwo25zyLMcUY82rXayNtUNVcLeLnCw426F6bFux,0.4
C6ksVsGGMtoGNLdW46gAkWjGGp4A2ZHBDAT9bmL8gWvN,0.4
6PfvmPAFsTnQGgARZ4sTpFgKUNPBwSmTYzwR3bckfYqH,0.4
6U18nFcBtiEnRwxV64Y3fQc7nFKVN38me78aj3WVFF5o,0.4
FibSUJDMGEfwM5G3hdzbJ8FVyBzs8BCwnX4ejXGyQH2S,0.4
6WtpfRzJbWaSsWfr4gw9kDmMv6tsDKWRcHr7a4p3wPoP,0.4
5zjAzevW67tqsKJC44oFUEjYwyfHUaV4dibokP7p7yPt,0.4
Apmvpbff4MHgJrYTtee3UDmt5AhLKHK3bAWHhotpnfaV,0.4
Fc4sUJ5X7G5nmXURa7Rz6HXeiBB8v3hauNNNti39he7U,0.4
qhiqkyUqRBnaqyHexQcwXnmiZUVhF3LwP4VKfArvTQD,0.4
FrfEn1L6CfQwWsic2cTCc3oVTLeoLVVpkugsX3Kg2RNM,0.4
6W79PqyPZTM4TLxmRVtcBr3LmCLrmeVj5ye5rvvC42Nq,0.4
8A1pQRfdohSnKhXBtV6pV8B54geQhnm19r5sS4Jr1Tcu,0.4
3zC8Bs3C4aqzXLh2Y3zkEkjCMVwwfsEgq2NkVjkWEfoM,0.4
6QeaREJcvRJrUhRj1JL5pqTSz7UBKdPNJDYUSJogZTR2,0.4
DuyTfz8Ceqq4uJ78wEuW8EaW8hPW4K4SUgN8NfXPL52g,0.4
FvaWN1j4GJYaCYtgUQVKBGa65dJvEwFnqfBCkS18kSGs,0.4
D1iZx6jLRJ2sMMZBXC4LF6S46782nZBSjjwKBWNDeujs,0.4
A73Qs7euzo1dUXL3TrDbZ8RNAQNPQM8QkXtZFS7qsAht,0.4
5fTWqWRtK6UyaeV3Yc5162cVnVV1fenYayDV8r4D5w62,0.4
DKXmqTh2XYeeeiHtB1sxohQ4gqGg8ZHSD3bQpizCPX3J,0.4
ByTvwehmWWTyzYXboLn7peaetnuYZ4LY7s1B5QwNbCak,0.4
GGDGaHFhVrPabmYPyyFZ8oKfFon42mSi9CZLTm37a65P,0.4
E4nE5zAFGkWL7fUZZPHSC6uNt2AvBCwd2WL3RebPLD6k,0.4
4YE52EXxJvkuzG6FsrSVEbgTsKBVZZKA8z24GeXvSuMV,0.4
NvH4uoN3mdUqajRYdnFVBif6WAnUYmqQkgEpCvRBpu3,0.4
DUakgTVGbqGYLXg6nRmh2MrngFd8fN9SsgCqoyi7oNuR,0.4
GigpSEs9wNmn6dpjwtvEhnMPQLEPKWNcxdaKRRGTcFQt,0.4
AWVCQs8gkHMmbPdCtCETHbjMRycnnnTpv2hpK5wQTQEk,0.4
HTUcz7B7AfSbXZrb2VzQSZUhqW4L6bGTnjbrmWw67aH3,0.4
9BnPm9gghDf1cHUVXVae8dZH7zR21PbXDuPZ49HAjDs6,0.4
Qn7UYmMFgfeQDshWafGbFU8vgKwNwZ5GDnt2gXakYP1,0.4
FvbcGTto58WB91TG1YXcUNQAmjM8zLCcELexULn49b7N,0.4
EzLSvZTQdWnWAcmsXGQo66mtJAFxEY6UtC1AvfRHdidj,0.4
8NnxigpRfwBtGtspfmgenxRX6WdgBqJFqVgo4HJ1BVYU,0.4
CVLZomMQ4MDU94zagsfNAiB3LKZ2waKANEN4d4CZ3BM6,0.4
36HWb6XjWvBbpbsARusArggXGKd5hMAGNX14Xwwefu1M,0.4
7xYrL1BjWUCQEvnEwS99kPrWm6QWhQZnGywpCtnZfe8t,0.4
K7DL2s22NYmQmzcHUozP3prcnSgAEaZ7Qddip9dPr8J,0.4
CamhDhQrP6XA2yXtaQkrTtGh35rQhwoxZMBg8K5UHyCo,0.4
9Unv6EYGUmVezhkvqppHAVTRG1MYXAgZj4q5hXYJmVCw,0.4
45iZo7rabRjD7prpzSTtbCGvrBo5fpwZ4ZiWe6t1akSm,0.4
Cmc99pksT1VucEGyBgZCnDh6UqmiY9UMzbppR776mEtH,0.4
8M7DCR196TosTjy3avHPRqRkk3vDVZKpfcFEpCSjocZB,0.4
DC797r27iU4VZ5GnfLSFJ4oWqinyLduPokvFCm5dRdyd,0.4
EtTHb1s16KEmdmgVEUQPVzW39gRVtBXerF5K2MDbUKAM,0.4
2qHKGoU29Nm3XRSQqrt93VAVH18HPV9QxPFTyqj9Usy5,0.4
4wYqENL61LgQ3yu46vWKmvd7jGJ2zdM2ALCgR3FBRXEn,0.4
7xDqnbG6EFfWE2eKSy18tRfGC9DngJQSWgRAyuUwD247,0.4
8YmjG1G4SiQGE5nDKivQAV76yRjV2sXquXHpM6TG7ETG,0.4
2wvvthdtZmVMKJNDf4tGanpXP1drMntv3Gd4LtKN1cZy,0.4
2N8Bw5TKPUQ9ebvaVkPsQ8ijfjh4EiLJEjMqRLVRi9VS,0.4
C7M2ovva2JtkPUbK5t2Ra7sdxkGifhaeASFauAkyDX2T,0.4
6zusL9YHNKGsHUnfNRH1CQdNna9G9ZySsGTRgPPYGnGw,0.4
BmhyHiqK2gfDsUwtxwobgxTS1Xm674w5D7CP53B6fowC,0.4
C4pG5gR2mqx31X4qM8JvRCm81ZgLqE72qkRvkDgUys1C,0.4
4NBPQNVGBbmrexe5BbdDwgg46gGmEQATfUeKhfekiovU,0.4
9Cnq3ZhRCVJN9WKCJq4wj4Vg6PtTCmDHMvTd1yD6mQrT,0.4
DuWXxxoxNwDzoUewAWLu1u7jC8iUD6Y8aV3W39VjK7at,0.4
N1mAkQCmNyDSt8UkwmkoDrjCsUs6TAEVBPJZPtKRsNC,0.4
KreTbG714rTZpjsQaYWUaiETwdqPuwhs7ZwrQ25u3YR,0.4
9EdpSkh2qZxiiSXhqhLFDcMyA3tujVthSJQAJMY54mBR,0.4
GmcJs17JimfW136FzS8NeG1emS91iVcbNyiTQwo6N8kp,0.4
2MP7ZD1TUZD5caKSnndbD3EeYwfS9p8GioT8Dt3rYLDX,0.4
6F9n6mMBaKqaNoTowEe2vcHt8PzuRDPeQS93xZKA7cAG,0.4
2of2F1wiv1hhea3Ar7WPs7eUMoMQqroTjbFn3PCemvCK,0.4
9ME887CcQiV9xpAhJEzeZsXHs99RqWtmtAp4anKhfhBZ,0.4
AbRgjqH8H1Xybt6g5YJf1JHp5X25SUWKe2e9aNattZmr,0.4
4W7Uq4k5DPcA7kgvMjkHfqxqMWroaFgsWoDtWrPRCTaZ,0.4
6q7cRptjkMcaijTbTmgNGUqEobsNP2iLXccypXak8KYZ,0.4
EYtMhsxc6x6uZyQDwSbRAozvG9EZuB2pbBXTC6pnPH6s,0.4
7dFN4s96CqyANMwToNtbbe8jH6tKmEH6JExLRC5oDVMX,0.4
BCdt1DoaLXgzN8GJJUB5q76z49jyDEqWXzNgcBeWznAy,0.4
BH5nQrpvomh4Ce5GsapavLcNY7auApcTgSjtVTv1ReQf,0.4
3XhF3TopQokmiw1vNuKdtSuG6JcW8zP2ajna1U3jHkoC,0.4
8PjoFJjtP8r76mRoA1xun14KDqdVK7KBbyBUZbRgKreL,0.4
AK5xUUUqMVubn1Uh8qFJ2vHwCgoM6wJahwaVWacDG4Ep,0.4
5x3ZpsDfEA76MLhSUG9XtYt4Ub1HACCFpmZFxfN85sgi,0.4
85ooHsRdd39fk7uqoDpEKD1TJTZyLkpf5TrAG7fedTB7,0.4
xBJobVp2ZTBz5D3HpHz8sFfcBa1kYC9Vn9vJAkrYDRb,0.4
21SGisfo2QDNwjwpz4zdkGSy71bhXC3U6tjWvmvWDpce,0.4
C9zPetKr3LPuWB9CjMW8NPaoLXEHS57GC825mnqjVXrz,0.4
BKH2WcgviJNFi72oDc1qVFj1asJdiskynYka3jrpapi,0.4
AJU92y3y6vUFCXBE1hwmsdxMBfUzqsRdULU9WVgfVSWX,0.4
4FHzoETP7mjUCVi8nbyksknwxppJLf45jX6dT6n5gabY,0.4
CeybM5uDuoEjkcz5GAGmipEPLBcfxpoYnvJXykbJ5yWu,0.4
HLvcbCWckzrSpaLwVUrWpdPtWEFDh3s7AUjgyVNmARGd,0.4
9arLxfsLKAFmewW5yvfC1oqvuFYHQJw1sc6pT5XYXHvn,0.4
DNfRLp3iyYT6R3n5LZ8TxC4CubD2UAZ1GgfsSH7rppZx,0.4
Fv9rFFfMjJHaybsNdq8dbyfMAN3hnqGi9Sd4ogVHRmhs,0.4
9Ri38eCqyCxAGQoPG8DTjYFU7zWt5FUcVZMRC9FDL4Sp,0.4
HmpvtSKdBRazdkp7tKbW4YKz1JteZWYAgT1MRAp5zv6v,0.4
D6ZfdWM1NbgpAN2GyUMjEvTaYwF9fb3YQrD1UDDiqzMT,0.4
4SD5wcRHd1VACo71CRwdt4o5DwEx7QtuwSMW6gUPhf3e,0.4
74rB4Lt1tWZXAvWitspZcEyyUkEW2nF7yeRXaA2VukJZ,0.4
2QdenZGxdeLNkTczPYZyJG7SWRK1VKfK4tqUN2jLo26p,0.4
AwyFj1gpuYmMwLYK95UM7TSPyND9zH7R2TZqKMjBw1fp,0.4
HmrLogyqb5xVzp8R45Wxzha1xfJmphR5mjdULojkCMgX,0.4
4AnwykbwZTC8QM3mM4zCrWZUXK9NfY9cjtMpBFoLH2Qo,0.4
13X22x1TLNk3NPDcBBhevTwNg4KNxqNwD8BgXQ9pzSRn,0.4
GoDGoDZRxrK156Wg4eVG7F5XG4cExMDnxhe8vw5RojtM,0.4
6abWrXgbG48vzFChxUY1Apgeov3jeyEd9vY53rWk76VK,0.4
38gGoojUAAKW4khNm1DE8Qe8W8TPYiBq7m3M72RLKzCY,0.4
AJrVedTYdup9hcwebUT7GQFiPhgHs63SjbQN69Vv1mHk,0.4
EeccDV2djPt4iAbYdHLbqt55R5WMcpzpTZHAtzUU2ErV,0.4
ABcmXHEELubkcVUZTu8za2pkuea6Noi9uzCzY1xYMa6L,0.4
7exzvD3uDcqwxQZp8zTAwpvW1ZgrMkwZigfrhAsH2nmA,0.4
3XRG7CRqSFpKgxknjy51Hw9fJ1FJdyNTR73R1fDca1Dt,0.4
5jwQP8AzDHoGtqWkz28WFdV6dVJeMi96A3bvYpV5zRVu,0.4
FDHoZta67zCNqUQr49XJoAErhM244KWUf3wqs2Zg3oq3,0.4
DiTjeoy3G2SrwcCSnVAbUUozTFdpskzzbmFYKGtUYYqC,0.4
FbKX2h1Nkg27RHhPQhZrU7g24mBABj7YE4ZBEoMjwJfR,0.4
D4otEe2M7WJUbLt8NCS5bUiGic9wCrCELcZBqX51uADi,0.4
Ai9dM3knVF63bNs9Asxv2M9zDDNeusd1CkyitZtvE8Fd,0.4
4kiZYtb8Pk67WQ9XgGzPkx2khtWMe6TgS2zs373YUWzF,0.4
D6MPr7RhC92UmrLLyPzCysMsfdnQffBEQubDaKeNcBAB,0.4
HKQgUismFMtA4JiTuajqoKZ2z3ZZnjgdLaZ3ZMZsiJmM,0.4
8K8quqjrZx9EY4nRRC6TVaohauSDwF7uEjYyPsCDWygP,0.4
F8Pyb5S57YxmSkJU7K43s832w83dbQFZkdyTUKiuiBja,0.4
8bh36sr6JcnpkJXEApUmzkp6J4uhvKwd3s2iZTktbuha,0.4
6gvvPCx4gvwYKYeMy4ynxMBXDGV8mZCoBaEq93VapRDG,0.4
YGHJwENLmSYHT1vGy1Rm24AcWFxcWpnQKWvyyHg9QV1,0.4
7PNq8geXzndEEdwJ9ymTizDxMDKbUBMkMccphE1cu4s,0.4
Cgjo1mkBp6HmZbtp6JEEsehEDZVeTzQKPMYBufXA3svM,0.4
8GQ6Z1zpzoyjCi9WQarLGfhSM6ohpeykL6PvXuELJfMf,0.4
dJjG6cM5wRtKve91jvP4uYNnLyCauCRFxCPvEZPXvEN,0.4
EQWUFxUj1wR9ZGrm1NWhmBhv1guPPAxRnyTSg2bNtRS6,0.4
AgdyGoNQX3zBRJ2Cz5a3QhCXz6dgWSw2h9WZS29aGsgp,0.4
5PLUc8MfZMjidUBwybU1DQ4tR9Uer8fUdfruCnjeXk6K,0.4
GEjNGKSc9dQAxzj1gyBj2UpPezYDxP6JJMgiJEj3FWxN,0.4
8zUDcz9FKvsQtwbMdtXniScTBBwBR8B5ptYXN4zTMVkm,0.4
CEUQna9QUwFdujBPgoc3wunzPUEQ7ZxKQezSfq7PCXQ7,0.4
GWbvvrXm55Ua9vMkjqMxn7AGpTPprDiZ7BCemSqYCfxL,0.4
GjqbGbuLitPT2YuN9MecZDPPw8aySFdKLsMDfw9qmQrf,0.4
AoJ8Jcbue7pPcxaaRF8baDCCdMQRbYGS5JWTLQ1gU6A2,0.4
Gdx43s3SJkqtmLWixVKAtRyyRXBXpXraW1xPYqa1vFYm,0.4
TYJSjCYmWcu3HJKSR9YSBKbXJDfP3pmwfVEf4pGyiDx,0.4
CJdjbCf5PjbM4qwnryonz47DvNujd4pgcW1z2rhfkjx7,0.4
7DG6K1K2GWwZFmjLD5r8zKJiNDz5hzoqGArJaxKimdNm,0.4
9i671LybgVYWQAM1duKXPTjwnE2sdjcW3n8PwQSF5LCV,0.4
EB7ScJoUgA74ecEB1LBZGRVarqxPSBCQYNZCHBw5fu8x,0.4
EGdyYo25DvVYjS9k89uP4Rnk6EawyfnX5PSKvcvRhTbS,0.4
AMPeYN2BRwqz41Na6f83ayu3RbjkZj6e6jm7z97ptWTE,0.4
63wqQUL2YV3CNUGtomA1rSaBPDPM4oeqPXtJ13zp8CjG,0.4
HEaJqncd6MSo5mPDJGdVg9LvoSoTAgF8FeJzYnm39kSD,0.4
Gd5Dgprwv3Un98arKaMajrmkCRt5Nmy4XHawdkA1e2Sh,0.4
BSA6nowUEG5sG3YhF264KdEHNqx58LmdJqASNrwyDHk8,0.4
E884VP27tdR6VzHs27KjCxyaLi7csXypKHMTe7ShqRkj,0.4
5o293e36mE9MYRrESBeQmqj1xzrP4aYmKvP6kPLsYtwb,0.4
5F57KMG5PgPtbsdAjFg93WwGxfRuWCvQXUdK7KCY5kGv,0.4
AYA4GapGmsJjJjfFjn4rvUp5aZZN2TAV5iqQYkVND7DF,0.4
9zKvaZqknCpu4GonLyWvaiCj9z8UAK8aFCYkukhTzTN6,0.4
GjCwEYtF3NdrzkA96ikNDptSjLFvf14SDFB1q8jgWEpf,0.4
YnRESETAKL1VCA85uL5L43BZg3sKztYXG1fN7s8fryf,0.4
2AbE8zwjb25YUNgSpW7NH7pFjkcDLnUvNMKBou4MHFtN,0.4
6hMpQbguHv59T2WJFDWjDWiynKgByUkTAii14Ctm2zW6,0.4
21rr1uQBNbLFAeavuksuU7WAUd7f2eZbzS1BfRVEQk79,0.4
AZaoDxmVnUEstwjP3zStrCxX4VFZVZQt5U5o1vyDhvTg,0.4
6j7UxaJkiRprNgp4tSKC3S219gK8gK6NAjuTpysQ88KU,0.4
5J1H27LJXJs3Afx65fwCnPTxF3eUWCVc6QHENG47J1Ci,0.4
ADLAJj28xSbEeewtrpQCvSYTdnxfu5m1mkm3JKLWcZkp,0.4
7dmxM1Cei9FH5h1F5BnTD4aN9N64DaM7BWnQBujVDM3z,0.4
yCuYNKUzCqpX9BfszMP9pGMmn7hzgMVq5f3r2s4aePj,0.4
3V3sgwuwqhcQXjfNsepcrcp7p24LczhGeKRBdf9PchJ3,0.4
46vf12Cveaw1FikMUPNHPdwG82vM6tFRxbiWcZ5DA4yf,0.4
HFoQCQZjvZmtfARLzhUwwf4AdfrGpNvZ1aVsk7QwgtfN,0.4
9Fq4goJ1qdCW7AJMT8PF1E3jXKhQjH98mvBmzyB5Xv3T,0.4
H8wQnUkBNcCfRbpbALB17MVqrdtjk63mqbt2npeowPNH,0.4
7wN4yWLPETbCpAkhHepqrUTkMbYkPDagxtgM1qQ5RAiA,0.4
2wgPPZ7UPoQ1g9t2x6sASq2TqLAbvdX74purpD7ijExu,0.4
7D1FQUnkoxPx7ftM7UYJ8H6zdTMRTwviTRx3bAwyMFNH,0.4
Gf8dRXyVWbmtxkpKgGL2DSgybim2ntFLaGYXCvB9earR,0.4
4SX62WkQTmbXaXUDbQeVvzsKHTrNSwRgTvnCb9zg6J6F,0.4
5yrVPNpkox69NWNT4s7ozkhASb8YYY7CmYQvSXgT2XnM,0.4
D4wPytxXY3LKHHxU1wPzXzSbafUyFxeY5ia2AwH4fKKk,0.4
CfvFQNVBZpUARPmvUsREG9nNXr7UZfRSYRWHBvSNiuH3,0.4
9ehfqhw8NwUGnQHk9xSmF6DCFFaUVUbHEqbwiALqEPuC,0.4
AyE3VBUSV33fnufS8JYJN9SNrbqV2DZnPoE3xtLKnr32,0.4
E8qg6sJnggyTRUjfMJSteRAYPoMG3s4s49C2hh9Z169b,0.4
A61Be3FkC9Me859UoxDJZtFjPJv5h79amtdASke9kYSE,0.4
H2X19EfrMgqZwLXwU8USDvkpvMEeSLiD7nghXCG1cf6z,0.4
FoemYGbxd1SKvUzon2LPfRyiC9rDYNrYctZLLmKEdq4r,0.4
7cXZrnXNzrx8ASa7XJ9kXnzLYDuv9ZKxQ9kXtVcSBq1X,0.4
4UxDXJZMGvBFjbEuXVeuBBWsCzUSZkWf6fVG7Uw2VwQm,0.4
3MfmnGLiEDwVQBqapeaE4eLo8BVhaz2R22nggqsL63Wb,0.4
A4xKntzX3vbxHSyHyTUQ2P18MvVckt5CdYpD2rf3JxGa,0.4
3xcega9j9nntEv8yJNdxmZKEMMvrcft1vonQhnxJar9F,0.4
7H9MFCvSnVuRP1cenYtXngYBtfqZUsnbxrHAuAhzDdGf,0.4
2YsqjLLcofCtB3Uhk1Jwyp4zGK97zLxAMSxbNUNGbgFz,0.4
FPh2YV4JXm96NYLrTRPovTfVhnEdbAHfU61hqpSDc3CQ,0.4
8wD4ti9FYpZaECiZqzDmCxoMKAv3cZZL4FmVvQLqRwqE,0.4
EGXVvMVQ5t2H1ArkVbQHSrDDGDyNp6DUs1jTShJhPC9t,0.4
4eFQzAhq69Xnw14gRUZHvmrCGunkkTyj27dbofc6eqD6,0.4
8z8uHEmdRmz1sdimYuphocw98mjRvRuhofT8c5XVmRow,0.4
TX3RrWLzH31oaj2m79HvphGdH78RyeYy7bWxownHz67,0.4
HHySEs4KvmGE41NNXoFWifn39kK4ApxedwFTMdPNAWad,0.4
7iQV8btjXbQNyw6YcgGorTYJUDuFegekne2j4saYpb9E,0.4
14SbZUFr7Friji3PKeo7cdgZ8JATFuFJThByFumXT76m,0.4
7VSMLWXfh6AXtVzqHGXXHT7XmpekqdM1fbCdgH8jbvfT,0.4
G4YpYzMXiLoLJV3vzeUGpZGzG85ZNY2tqXs415DKSGaG,0.4
5ebc93C1wJYuH41cGbTG96QQY28JWV1ELGo4ZA1kxRpd,0.4
9GcK36ttP5vDkhtNzqrFKz9sUtUs3mKJnheY21zUBKi1,0.4
4zk4zFTQARjquNyS3qJsg5M83ftbBheq74f2cfsYKnBf,0.4
9kPPbeBAvCtJCZ98EFKabxp7wTeFQRseCYDRdovyfUfz,0.4
3NPpYMrzePL7GY2fGrCzgrfy44wZyxUcKqGFvJdZyizE,0.4
4TWnPPBJAVgDmCGPqq2XoDBVeQBGpKtc1sbaYiAcjS6E,0.4
21qW2a5QcB9TD3ecYFTMyVWsrsYvmwX8Nj5bNtzjAyXw,0.4
6FKTt2A7VvyzXa2achsCec3BFxiEQT5ba2z4aVq16iqb,0.4
C6QQEzNp7FaDEXtZy22RpU7KJgoR3CHWx4dt2EjBds96,0.4
1qZQJBT6P9kWBYsurPneZELhAXLBoZn49jiKc5My2U4,0.4
5ppQfFh2CXH7xZ7DzrrXqX9TbodkjqETtqSy1UsLZdXu,0.4
CXVCNAcm15xJ84WzwnMkxtw3YW1gBNxpa6ifQKNH4kZA,0.4
GJmTAZDTYgfPuRsK1RkxKCVt4TP7xed6DsuCbwkd1i9F,0.4
47HGePEcdfRx661QcN9DJUAaR1CqNrzsFQxbMCx6arbM,0.4
jRnhypFG3rntedfyfNNEG92LGNUqzJNTvc1dVpFzrKC,0.4
BMcGKLX23VRNjGsmvXfURr9jMwLwPirAeSFsNqTRE8fu,0.4
CVsqs3bmLvrDu9tahbahKKkuEJpedUUBbxMCPrJGWeAJ,0.4
44BUejc43vnUbTGkaEJoPR4BTG9fGdFwPJRfVeddYdJL,0.4
9YGssex4hj1ZbhU7ZpFsc9ZPZPftXCdvvC2yBeetNcE3,0.4
4u1hEjsHzkqeaRYxgdwvRbGzJV1AWByP314hd76Tfco5,0.4
EjMyz8LevXkve98vS9R4GUzYa95bcMGZzyv2w7UUZ9Ye,0.4
9eXmtueEybCn34i6X3hWmoeKPYuvaFDkcNhAbqZ7rSwe,0.4
B18jzFAL7wJ73NrLsATLXpcMTdrd3fB9LE7f4N17X5fZ,0.4
EC1p1ri2oiF4o5sketySovuB5EZwA5xG8fdX87CduEoj,0.4
4qLyjPzJdQwqwDN6kW8tbzn8W4AyYWeJ7y2an28mkL5T,0.4
3P5JukN2xg33mQxbiMwHEdAn5LBxY4arU3zWNd6poj7s,0.4
3MbFMMh4v69RNjQFKUx4nPPWgWwh1uHPF2yS7zx4fkAk,0.4
AEj2Ly95eimdwN4GbnxFq8TV1nDLUqW7ZE9yTsZKH889,0.4
8TSfUDrfem44jHGCVjjuZgQPBoEqcntJUFUskbmJDmfo,0.4
GRcXxmqjFgqiNP1FedWfTtKDbvF4nybqYQjLrjbEzhHu,0.4
2PWCGDqt1SE8d6adawmMU9SvBuh4sUPomwSjHj7EpDVA,0.4
GvG6k8Keyz65MjmdfiG9T9yUhcDh6dsH8kS9HYLr7DLf,0.4
C3F6VS2iwF636AN6wqnVwm49G1UJNEjVMxisGfPcSS9F,0.4
AdPzma7D5poAsGxpGEeGaSJPADNHmtRe4KpiDfxD6sTy,0.4
7kwAh63ByTswcPviDptixHQj9hn9GLYKiE7pigEU8hGJ,0.4
6c31XTkTf8G3dHUKRFcLBUyDGGo2rN6PgTvzdfmzRGoU,0.4
D4tVEL1T8UqN1uZrPfJyi675rKyyZWYCTnbbzjgWnvqu,0.4
6545JRXssk27pgQynoNLnGq5YNcnH1vbQGs4M6peUEEx,0.4
HLJfE3aMEiBwbtRLXfQYWW1L1Hqj9mS86tYez1XkP1my,0.4
3PY8EjD14o7jd8nLyJM1oEgmgvtVHwPeHUxwKiMnZs3L,0.4
Hq9iEGnpQ4KpJ91MjedVeHZcVMCWCsiJDE9i7j7SUUKF,0.4
4U9rb9ZbAXaHmPvwxqfRehCsRp3nFBrdXMqyrcBfhfXL,0.4
EzQGGc7cqcB9FZmgDKvF5CJPWPArQ9CETkHaDjoMiGU3,0.4
EQDrCfT8r1FKvrB5S1u1zfxdPYmSpgxfJx9mwuz9nzNX,0.4
3y5bLSEPtWRP2Dc6zmzDh63yhwTMC7JFqatp3H3v1eT8,0.4
HEiNKeAFa5dMuNYHtaUKnUUN2NX4HxD9mqrLKK8swzLy,0.4
HZAyBW4GAzwxAPAyEyHfSY3uLGLQBb8aM5nKWHGq2KvY,0.4
91oYrRYYGjJkFxFKTp6PXRANPPdVFNJjo6tN52uQW1Av,0.4
3G7WdSEZGsKNp8X85HBf2G9YR3BvzFhRdzLZaJyM75yR,0.4
2EQEcpm6ptvscqowNoYbVxv5BjVhuue36cW62cj31h1C,0.4
EoBnD4q42Y57S5dxMAA99z6w5NSbt81ZrjRg9qw3YDtG,0.4
CyMtFaBqKzvwvBa2RdzWLEgPLcYecaPDHPcLvt8cq9eS,0.4
FaXJRFM8Wyzcg5Rv6NHawmmsupDUtEaNXH6nZvejcYYa,0.4
DfKkxUdcMtd99Gv9q28LJggfdQX32FwURwurfjLcAziu,0.4
EH3hR8PKW78wyQY1dNK7iwzhon3nN2uVDGUGuyKvdpTe,0.4
HTUm17RXyZqUCXoQrTSzmtfZDZyVr2SSucUFuMZoc5Gb,0.4
GxPnhqrCzjRFe4kv467sNmy8RSjQM5h5j43LjFxWcqd,0.4
AaDJTtM1djtoBN4bGWuxHrKGCaDJrTJjtRKoLo47KTY4,0.4
4f5ohEKH7DyLeDrBMQsmxnSpQzK4FJGdXrUdmQxnbmr5,0.4
F9rog7DVaNfNScMEFUUYuBeK1FtHSzyzhiZYDxjEDAcM,0.4
46CC1AqkehKqXMM71iTsEh9dtjcyuLP6ZjR8McLEr3cA,0.4
CT8Y2pWSS3Us4xNT7BjUaXRUjETDm1YGCbcQHNj3QahV,0.4
9JHd6ZRwq5hZZUZe4P4Pdwunpcuc11VvjPJSw6rHpYxS,0.4
51h6u1ZZyJfv6e6xJmVpJbpcCkJaJbRtemdnesc9YFcz,0.4
BgqqsYWwV85opDgQjSwLGBD33wnMJN6ZxPCHVgGA25eV,0.4
6f6ZqYnwd2xsyTvmgEkwnbnBzRx2C2neKhm2QCSkELbh,0.4
71RHjMQp7TNCzhgtNQC9vhPoYXCjMb2GxjVhWYQcfUrg,0.4
BAaEWVTbcGxvFUE9adSrsAfGeVPH5beZbB7HGaM4ddoF,0.4
5VtepVYXjMo1w6DRgNt1MntZSQJguHGGFcbfmtfx8XWb,0.4
F3SqhGeYQ1M2Sv4KaYjPcG2LddxH3tP9sv3w6GbAnj9r,0.4
2mPszVpnAcsv8QzUcW6qPQqjVzStPqbb6quGMvkWDEed,0.4
6PGWuaWKhvgeTMoewupm1vKGokmoVApDvSCgqTKduCgt,0.4
2K51Q5FhKuCHHtvAPVCx6pka8bPzEHkykSP9XF2RPEYd,0.4
GHxJyV2kHvTR52CLgaswwq8F7dQuELxiqe94MKrsRvRT,0.4
CBd6XVaPpxkYNDpAptg6go9v3GhPcBBVF7Cd7i7nX4E6,0.4
25qefkjtnXutypbhLnoPeMXHpRXz4smTG55k1JsUGkfi,0.4
DkY3bvFrZ2zmbsxYLqcABiKL1ZQ1pgSuDWYS1jPVDPA1,0.4
2gASSjWrgbsxz7NR7LJCnouTPC4KHQNjKvhLMkbjZjPZ,0.4
5rFKGCyxwuQqcYy7VXb9PnHEoW4LwmJ4Ce5kbwHzSP3C,0.4
6TRHB17E3SuvCpN7xVicJnTRYDacANtkMkEaMN5q7Cuu,0.4
81s2HWpWxkdwLMD9mQesoXFUNWxmEjFn9a6JFJZhFcyQ,0.4
CD6tyw79F655dJyC1HKic9Pnuy5QwYcvFSaUhuoEDiXH,0.4
ALZMT5pgKVUrtfWtoeiF2a6bfrtrgQH17VCEmugFdG7w,0.4
DNoLKNTFpjB9nforkXToKCGd9dSXFwpMoj4njsx9zYWM,0.4
H2arGygb2zih3EtdJLNyhAYWGT8kp1mZjCkerENsyjvm,0.4
8fUyvPrWjsxFNEmLaSy4PtPgQ26mPBdb4dAcsBeYzmT7,0.4
79cEdjmjASqEKv3gwSFShfZMzwPTw5KiTdmphpkqDCpA,0.4
FG8g63NCY3arjakbXjDTR2xabm6b2nYLvKxC9NZMFtJh,0.4
DW8KEU2jFGDThob4p1XpVPJSjhBwMrrnoqSE5MpGYKxR,0.4
7FJxQ4p5Cg8eGZf6ee6gvPyvygEDq9BnGwvRgR2V6SH6,0.4
988fJBkhSghXwC9KMFwZ1psgHKEkibmzAHVTz3tXmHNF,0.4
5FHHrH3pvUU2Gnm4UYE2JmornHv7ajFTBsRgVrrq9uNK,0.4
FXrZK3L8xUH57k4xwuMgCmmhD975qRnN1HAYw8nkKRFQ,0.4
CF5jCLHE2g4ftKgaVdxmMNywjDRTJG7zP7SEdSqHfETX,0.4
2oM3RLNLjr6yzVnqZRCaY5yi2m4B4negHvZPBH3kARHD,0.4
DKsUVjmEuvzxo8yYWxJXv85EVYdqqtQARCXEmUiRDgpT,0.4
2NdDcbAbf1T9jUegdNRSsZmP9pgu7r16F4Z9KHQ2ffXQ,0.4
67paFteqwcZRaTPm1JNP3q9uQLdy79kaVNGQBUYkauP8,0.4
2hy9qiDH6igXFFW8ZPk7b6Mgre9M7u5xbGogyJ68hULp,0.4
6XdYizsaCbm7dLRPsgyEvwq74to19Qgy8igxXiLAw3EY,0.4
7goPmnwmoRUnEtxoz6XvfYzXRY8fs7mC1SVMmTAxCvBs,0.4
7NdmnyDVc7ZJ87pbvsBh8jWV64w8cTfD57FvxpJPP83k,0.4
ELvB6dNNUkmRh5k7BGGzfcC1XNUpcXqdjCSFkfjLyDXN,0.4
Frc8qJpws3CyZByhqbS4dixnRiwVozgDMLcE1jcifwAk,0.4
Dfsj8C4vowT5gZYZy22io1wAkgyCvMNBfX6g4pQCzivp,0.4
EHBS6bzeBQDAhKypRMUFeY3w4gKFXWKnm3yMi1o3UttL,0.4
2T6kwhBxuzqnA5ZoE6N3npvrFNYNcq1427cqqm7RUNZc,0.4
LYYTa9WYpb5srfsjGiVHhxK2suARvZEPwtY4NGYqLYY,0.4
2jJRq6wnB1n5ECWc4VArQNP6HXPT37qvv2nqBbYwePdi,0.4
6N2Pi7T6rreAp4gu1JRHjaF1TQnedw5ifctqcsrd1Wua,0.4
47xHc2RYq44oBkinavRfznb8YrB7sHNzc45jK7XvRQax,0.4
CcKXJ2hnfqHmoKz1MSsN5cb7cwkgncKr729bmhJAPf6g,0.4
9m35h6QTzDVKh1UgnHzhxyzS7sZTKBejY9kLrtwnsBqu,0.4
DMfAuJXfs14tHhFVDLcKKBnzE2VQwR3HqGHHvYibUzMU,0.4
e6kDjjGFsCcguNLYr24ZE6tRULavRqPqjCG67s1XNoL,0.4
FxydRQXUpfhJC8YjCYPEVVABcHfe7Mhv8cTsekmsdcLg,0.4
Ae3e4DGxpNvsLXqjRdoFdQ6sT4JHELHRZTdqy8Sk1FqA,0.4
FvDZ7iHppcGcUxqhEU8iz31r2AVMz3AaMC9Hgru2JpPD,0.4
6iu481zDMBiBemzgefJ4tZeBHJ5C3GjR6mddXoWNdhMo,0.4
6i5QwawfkghNuMKjadFsqMxZi6iooLk3qNhcaQXowkgJ,0.4
AvoBVYku8MvUeeMcm7ktp7mqYBeZxt1Nu1caQwMQWvB7,0.4
4dNmjWg8ifHEphzQQZDWRGzgNdA7VLQe9rSpv4HbnvLd,0.4
5913i4qh8J8ZWsa2uuwqRchti9H48LFbbXr8JizfjrkZ,0.4
BdkiwXdW14Vhuy8mNDT42QxLNuqHFoKSr8zcGYRjYM85,0.4
7RdXkNDwUKkCBP1SK2VHxEUkh3SPYRXB6PrPY9n2iqdx,0.4
5VpikpCpPgC82iD6XiFSWfMFU7pb3RcdsCYwrMBEM3aw,0.4
6swmyE6ycj9dNH3YgvLGHkLnDSDn1hJ1HaK9VZ9zXVkb,0.4
EGniXMxSZoHUfkYLcafmQaGmTFBjc6p3eNXUupopsadA,0.4
iFiGAt8vuUYymxs7U7LQ4SHDCHEV9Z9Ad5oz3LLAaQb,0.4
5wJgHeNwT6qePUxq2X1UAf4mV1RJdcmSCG5wcEfwxtEq,0.4
BAJpYYA9WFWraFWqczkYuHUdwX3UW81dWuXAuKneFRx8,0.4
ERrn3yT8DFSWnijPRzorLVU2nEKvVTphpZkUgFGvyhiA,0.4
9LwbyZFDenMdVtgQ1uebtkMnTFi5DnfGzuBVgeD8QzE,0.4
7ygVp79ZHrCgxKFpqBTBkUHYRTwgSmLksSHmZkXd7Sce,0.4
95WjT45pL9XQ6pmEGuv7MaASedQqzDXQWuiG5XBpDhY,0.4
FfGxoTL1PzcVNWZ4wFC5K6gofGwFdXD8FoQc6iPPF4oo,0.4
9RBZeYpXMiWdgwWcYqx8VscAPp9FR9VAvhf5RTcmhKFE,0.4
66CYRNpSzj98BLLiRGxQR2hBbfcHZEf9pZdYF9Rndcue,0.4
9nDRoNGtRWgwiZh7QqpWhGGrPMKff29tBqtKDoJmqaLh,0.4
E3oz1XNsKpmoXhCAyeSp7rgPxJTBbZPnCF9Nh23Rtxfr,0.4
CKxn1Nibm9HV1f1EsGbHg1x9VdqSPJiZX6mq7Si3WeqG,0.4
CbT3dDmD8mCG1CD5z1BC4T1723LjSUgtpqP7pWcr8H9B,0.4
92orR7Y4QwDXKXTFKzn45b5mxWvvpsy54VpWQKe1ewcQ,0.4
Brviz8fxZBM6KJL2xF5eM3oFrEVimLrcgTvzMoNZqtok,0.4
EpCFcGsk2xjA2aSEuF1b27W9Q9xrxP53G8p6NXt4buym,0.4
5saDTZu9fgSsiiMkqCvcYZzLDnZJdoeJXF7sUVrDk5DP,0.4
3iA5mjkqhTCh71NPLwNvkhBBhhtsDSY2YWmjb5EmRcFs,0.4
5W38Efj8uoBtpVFkFEWwRF7HAUtVX885fFh47P663UEM,0.4
C9zNVirAEbK1r3kavTqemVKj1H5zLg9cVLUGqPo7WrK3,0.4
83GPxHN44kcVvVpdsjsbaVJjRzNE82xQSwzToGKe9nVb,0.4
8aR9boTVSfL8wMbSaN5DmWfspXK6CWgazXyccVaQh8AN,0.4
8zGsoVTGjxgd96SZfUApoF3RreMFu2j7f95p1NscVXZ7,0.4
A8x7eK5TywqmpvsKbGAMj64S4sZ9nmKL2sbMF6bWj8ZG,0.4
3sY9fQw4VqVTmAnNxQRKhUGTxm6zYauQ5bpAZ3rPcZ3w,0.4
HGSYosEsDjxg3HoZ9kdvea3LRcbGqdxg9oK7PwmaEe9k,0.4
2Zr5DLqBphYFZMBi2C5dwZJYmsAHmy5BWWBZrq2zQafR,0.4
8YNPGto1jb8A3aJ1aY6PcnVXyqTHhyHzNKB9zSnvZmCG,0.4
DaMAK8Dm5EpEuQoiYTGbRtJNLM7iL8JTfsSp5WjTLV9u,0.4
2MvpqeMqqcan5oE1zQ4MQq7GnFce7wvGSokwhi26Lq2H,0.4
3MS3uMDUwJdyWTtPgmxUUFQ9rZHgNj5hufC2ycNuS48R,0.4
3GVG3NyRpuW4sXRjsDhL2gDAwDShsEzffqgJ83SBrSyC,0.4
HZM63ZoP5kCbSR8pHHR4J3s3FjERNhGzMNYkUiBcQ1by,0.4
5UBckpvWZU1PA7JoFZa5Mn72Aoju2AUmnssTxf1ibttR,0.4
3SYPMwwHPm5J8h2FTtAq1dHiaXckL8HGw3aiSrQBQxxR,0.4
2GzSab28Dh5y564Lis7iyvipYjf6VRDa2F6KQN2M2AXY,0.4
5bbwC4akn1dv3oZjPdjrqY1pDfsYRaobv82MoRXC6aZk,0.4
DHcRuy5JBDVUenvigNJnnAhea6uT4GrVd4iYDb9DccA2,0.4
3FBBFZEZJLSgXKi7v3AfCJYJhz35q4EtuFJHRA9riw7o,0.4
F69r7h8goho1wNgWC2FgshGoaZJeCcayc5UmA9bJnqnb,0.4
3dZyRiaCkDtpAKaBnfBuvwBKWPhpuZ2ZbjU64iAoYFLT,0.4
FV1JTupeAtmySKXAAHTsV9o3jsCGTfGxwdHSYAXWBm66,0.4
3AJJtqtNPLhFYuZ2DYjPo9WHN3efiJyzH1XWu7bQUswC,0.4
44EsQUy73DVZNxDKWuPhmFRzmUsdYHvF1TYJGDkshZDH,0.4
8cNGCH29dtTpNr8MLCU6JcX1ge88X8vF6LzxmGNeBBGK,0.4
8UZpvjrVhJZaK1thbk4nJnK8KwTiBKGnNsGWBgiFbenV,0.4
3T8fkJtJyWe4fQzKnR4EvRVdcuHnPj9sQXSSaQhhaS89,0.4
37NeceAtvNSp5qgbbnpsbhuZwhFD6ABPz6wZhtU31RD6,0.4
6rhZQ3mpifab8684gou1WenQKNnFttJ15eBdvB8px5Cp,0.4
JA1UjzqKRNskyChCLcocr38ukebNAafkp5JxX87XZxKJ,0.4
2BB1hHfKv7fEmqMVZDUUs5rqtL98V3KoMLbDPr11U9rM,0.4
44v7ebCxsZT4hKKDTbMU6ypDBtdJerRoZzmkLGTGGFyw,0.4
Cn53dr6sJVGCucF1wfghAz6kuwEDpxZYyzaG76Bjio63,0.4
7v3bS87ckkyiw7ug4523RYcqZScSPPiDiLkyfze2PPr9,0.4
5mqSjgXvuLRgDyh2kY4K6qq7s5c34RsrvQJZaaz5hJuA,0.4
4WU6XEvWSiTb3Yc6cipcfiQBxnpqWEn5ADs8bhRDeCXn,0.4
GaksyXG28PsW7Z1VeFFRfRTcKkeF4uZ3YbeGnYfNiGHj,0.4
3rQLyWSfg21REpzX5FRTzmSTm2wro5TtF31XrcQ4uB6Q,0.4
3yWLcD3DZYeQV19EJ4pw4RbKYoRfXkK5dYyhUrackWJW,0.4
B9wz1QeBr66UfPnyKhgVoiKBm2KxsmVNqQo6tQbZ3tnu,0.4
ygP6jQsskicyZcxkUketU13r7BDAhbVotVS5wwZRSbq,0.4
6aCkxkvr3C3KuyWntSK19zKtkpG8DHEsbEzHHJwtHqNG,0.4
4jsLfnNdVkR3ZC1qrmwB4xXJoquBp43HMY14Y49SNbNq,0.4
7UPeum23qRfucqZ82ogMsTTdr1SyBCELcT56XnQqa19S,0.4
DpA2x9ni2QiJWJS2tokcUsuz2wbJEAyXDGNPHSEbJ1bJ,0.4
HC39YBnFLhYrBM1MwDXp97vDpctXWemBnjjgG77eMC8X,0.4
A8Kc9o5L3qpfkXFED1F1RJwdCwCv36Jaqxqg6gteusob,0.4
8A2v7BtA46emLkCcfJe7SL3VQBvAaHbDpBakafXDhqT1,0.4
Cjg92UaWU3PprBSVr7cg8KeGXy1wWAt3SNkxxp9sxdNG,0.4
DR8BNYiYxAo1P16Mu6YiJph3j4BKQBfduHpz4HVPnu1t,0.4
EATvTBtud2HFy6YNGprUXL8uKdrsGn4V7Bcke9i2pMMm,0.4
7v77jvEp9mk2x54iyvyvn9njSxMwEVxmKfTsaAuEtzCf,0.4
CzxYg59WYEqEtcJeaxUY79Eo5DkTjxW4wmr2vSRbMtes,0.4
9JQecFYYRbDWuXjQ6mWz8zfBEfRdGUhWGYMcyn5hMuxn,0.4
CYaq9FsA8s9Mm9ttEBYpiHrwmu3LPqXq88rJpbAeJXWs,0.4
5Zzq6vriVd358mphSSknpuSRLZ8ZLc7qcon5gggojHMT,0.4
DroWYKupSWt5dW6QrdvrSkTywjB5qaWDWPdMvoiAbUE7,0.4
4RMFYfMUioRpzpBbetMXCQhnXNvZB6fvyYAAm1LxDht7,0.4
2wnbBii6L9WzyNZKxtw5i9GBcCXP3kzDEr57oA6DHfUJ,0.4
69G3ewNmKwuxgQUPGJhhDsNYVNAxWS2i3zthgUscdpYv,0.4
3wL7qkXoBTmT8FUwH1pDZhLGHkuD8UThvSyFFP9KJxzP,0.4
Ey1U5UHZ4M4AgDwVhDnAUtHwEL33GTinfaxuh6tZnkTh,0.4
7eHVXpFtjMGevXfuYJcu5qT3VgYjXj21WAQP4UQ7or3M,0.4
EQofuTA76ouQtZJ6ZXw4oPgmg7RA2P3unKZWpST77ACp,0.4
AKZ4rcLoCpRbjYg6XangxU4AxuBUtYJ8VWXYJgBPkqqL,0.4
E9zaNjRLzBS2df9RtsW4HjetNfJkmzur2ZjLHXWyUKbq,0.4
3uRYAreUB8rMRttZWy9j67kDTShfJYoxy2gDardGJW8g,0.4
fxjghpuSV56KczrSx9Sn7mEYDHzKgXSU3ozYCMSN5Wq,0.4
2QPttCz4UBENHAFhoTH5FCY1RN5UajPzjiu6dR7nzEwb,0.4
5Jyg1SfGHX3CGat7Z4MiUvvSTC1BApswPHCJBbqfdqeB,0.4
BqKznRWZehrJMG17J1akbCJux4Z9YxuGocfeDvmWp3tH,0.4
2MEEdntt1sYBLB2BpoPKgqPzpFu9SHhucgW7YbiunaRR,0.4
9dZR6HukYt8XwxB3EVuK6NSoBPtiqPtpptUWs89ivdwX,0.4
A2vFMT4EftNBvSHkNfufiadq6C7fuhxchGjLT76xZ6P9,0.4
Eov8DFntRfQBhDax3rHzQmeUzeqMGTwshYWqrX2ePijm,0.4
DG7vUVtSFkrvfx6xekg6Pkd1X36TDZRqJEJTSxjvTBrN,0.4
DCcSxKQ2SxSqV2oREkXperU38JzEkL449T956CmG7HW5,0.4
C5jJL8yZwBN48whCLwUXKgugkGE7XxGimGkF5Rs8qfF,0.4
DwbDp8kyEnSm8tXBQStAGRH7Sc5n8b8c3wQ2Jfc2c7af,0.4
8HaT6fViBMgqkrr7rKBqp9U1JmCqpwU7wcrugJwfF7kG,0.4
9qnnEumxHdbBByfc3Ld3vetKwe2B5XJaN5Dp7oEtBDF9,0.4
CWfZLiwyVWKffpaTBLxeAvJ9QZLLZXJ2MJxjZMBixv6u,0.4
FSNuves6WRrAc65TqBsUyDWQ6Fn5knd39btwdCduz3Ga,0.4
FPEwKSd8rTxqdDkqPNAVAx2MW58ARyeqxphPEXQijbPf,0.4
AZPRXF2xMaKquaTtmSfEvs5VdKaDcdSaAD7W88HCLDEU,0.4
9FPgP8SHc1fZbx3gLCq1zyoSAncVCBmKNm86vRWAPVPH,0.4
63pProLJkSpmtUoyb3QtzBbHBfsUkxYJAhYjCDZLHdhD,0.4
8b4F5JQLJR83hiJtKEKLt8nR2qzcFFoN3W4Aqi2soV4h,0.4
2FVhYw9HjaLP9vZkwpViuvz2A8wmPFJiST8CPuBSw8Ud,0.4
57M7HTHY7SeKFC2HhbvqDuoFfbhevpU9jS2SWtojoNFz,0.4
G5WYG1Lr2JENLaTWHsz5FrbuZ18PQGFTQ2UKNZH5vA6A,0.4
7aN17oW5GUhL4TEkX8Ew5cGgQK7E4q8iiPE5xXrncQD3,0.4
DhMMQrxaTE5jwqo2oscKtmwD7mNCiAQsCxLUTfoueDto,0.4
EYspeab2wpeBFMqEagjuppNjTosttutYoHbvK271CRGJ,0.4
5dtE5Q8nVHerEzk8ytbF9D6iVxq1hQWJx7Nop9SWpLog,0.4
5pzBYzvQUDAeNhgkVSQUmNce3CA3mk1UnbxszysCbGTf,0.4
H6cyLP4caWyXLRL98JpeK7jvU49z42GXefrBMuggdMLm,0.4
3NFGHKZEw2ep1evPW3LQQ55xGFm6Vrekb7fyB5hAdjix,0.4
8nQn3cUYXCEYC1HXfvXNNaY4k2yabApc7jbbFwqhmzQa,0.4
9zB5Vae8v572gTVf4uwcWR9e2YN99hiKebKmWKYYjt4J,0.4
DFvz7TqCf7wABatrjEu8jrcaF7ewkB9qGLi6AaPKEXmk,0.4
4fuPNwQ8kSEfL6G7Vy53JRCENX83aZjK4YtKrnoBgvLg,0.4
AjkQknJk9FWGdXBcjEaYL6qDe2CFpVkhu4cWxHgoYA4o,0.4
7qGacwLL3tbU2mPk94eLs7MTN64RCuGXTD8VosNqkDx4,0.4
Gj9Mm54NztL822uDVQ5JyiPLvEuPPBdH9RKqspPpjjWB,0.4
EuSPQ3VnYdm5tgFgs2Tb7DwEcy6Di1gqgk5NnXEpF6Jp,0.4
GJ3PJhUYSbvpLQck5NuQZerTS5aWWeify52kkbUPh2qY,0.4
DsFpWhSG4FhkbVSUFiapTYGtbBtvGpLj9u6KFPJKaR5G,0.4
5rQMP3kP5dQWowFtc5KFg25MfiTih8DUQ8Y3dCvR4MWM,0.4
9vggCLzCWD4dVZn65Mx33Cjp7AHFG8fqHT6d8ESX4mt4,0.4
Bj38TUrJ89x2AFWEbo54iFYz2ajAXG2s6yrDWf8wwx9q,0.4
AgfpZZ9qYo8ptMRQPUnUho1ziNLcpiVNUL2GmgaEn2KL,0.4
6e7YX7BC7HSrdM1XtjHUTngSFWaiaCWqiEUS1oXJPuQ3,0.4
5Uqrpyyhqtpwcsi8z9CSL9gphkZVLiMhAnWf1CQtx5cw,0.4
FWPbG5GniHtHvoYpHLjQ4S1zs2Zmn4yyKgn2KKq6px5n,0.4
HxLyworwSeHasgZCNguA2Qq2HvkLnAWw1bSRp4SvVKdD,0.4
BPff6kGXGn6T1XVVADgiWur7hUGbdyEubrN7hEgGAMHw,0.4
HRdxJhVjuqDnxGUPCUv8WH2dC1mmTQki1Vize5AxjEuB,0.4
Ddr2YkBJoJzVgonW3hrQcLgMB6p1hoGbRescaoXMEikk,0.4
3yEroofoqQgvEGvgvvycLcmhLoNY4U2Vp6ShPucoA9ob,0.4
4kusiybPQnjuHJxx3CfcF71kSXUVrZpQUxZ2CT9zytbc,0.4
HQq78KzPo3GmYiJtBMnTp3Lkvf9HMcZGPXkVURjbyeUc,0.4
5SMtjhaHPRuQq5YEkjyAwTFrLXPtGUgdphECjvuUQBu2,0.4
9zrAWqg1r3TCqSQJdvj8RCrH9NN1iheQuMbiHYg3WW4p,0.4
4WpZaaiM3PzNsZzzXTF5sHaLdwv53FsiHQ98tEnyq1yK,0.4
CkuPQi3W8y2a5hBG4Gthn8by8KwFY7T4Vrhb73JwFzag,0.4
Ch3RD73qpXg2WTQDeG1fMvza8f8YMcmXZiPuMEbjfaQv,0.4
8wFq5H141HRPwDnNFi22pu5MSa3zj7TFs3c4cGjRy2Wi,0.4
57TXmKznKqRAKqbsKzwJv6Wi5AT54oqNfB4v389Lev4,0.4
2zFB2FBhhuoKNHRkJWkWPBWAXMELnYCwxLjYsGYA4xk6,0.4
3LAsRWs5ppNMWsRguPb5BSKFmjvXXXZJKrAokdEtmgb6,0.4
12BDKpGbv9hThsm9M7NvUgmWC5o8bzda3HzPiVejtRTQ,0.4
2FsXvb3GKQC5EpZTdHZnJSMkQPPiVGg6e9kZqnDpDs1e,0.4
Dh937zMJz34LHSXWCBniXT7K6bsszAN9r1SU1QW9aKfV,0.4
Gz8VR8gJ83sAHmYKk5BiZLmaLoK6itjL1pT9xuZ4bBrb,0.4
575CEUs6Su8k4QmTRgooHvE332bWrD6XR9yCdtVfu22f,0.4
83XTwy37VLnuxBQ5zY16VuMcSxdqjQzKNhn7BVhjwMGB,0.4
H18SaUSyzY4fKRvXmZJhb4y2haPBG2gVsEDT4rSUV9tW,0.4
DresEZYC3sJT7gmUYVrPMGnXsWRDqBqoowFJna4vUoeN,0.4
ELuPV7fRgMk5Gg7GUChB6uJuHC2V2AHvKSBaVQnKQxbP,0.4
Brmebbomd74NJkJqiDVHFSgq6PYp4JXws4y5cf41wp8q,0.4
GamHx9R6ASSW7uTF5v8E8W6irXXBiwTdAm4G8hkr7NXm,0.4
4mni1dHcvEw4G6sGgy6QcrtuewSAwbYYEM2snMjf7vQV,0.4
6tHYUbJAyfQAYKGAkExGkJirCZaU5smxAoF85Y2y5VPJ,0.4
EURTL99iVLzRDj6Ph8p6PNK5wrJ7DvH6s8V8aXGCirmC,0.4
GrVLrfdEJz1JhdPbMo3AhAiKoFUrKGgkVYVEfEehNDWd,0.4
Gq6MjjeadtzP3aDWCAfkavoWpGVtwWFeHhRCSpCE1Akq,0.4
6P8hu2FH5oqiGVYLZ4xYgUmDkscmaiaM3Hg4A61FCkdv,0.4
ERNUmTHQKC86mSVqzNCwM3DrJEjoPwFomAaxsTGg5Mfj,0.4
B3T5pjiicRg7gpdCd79qcLnShRGK3dwbEAeBu6ZKMqrh,0.4
8Vp7E5dPdDXaGF833WzF47jr7s3hmUBoU3qHukTt7kFn,0.4
4DytF7m1Y5hXDpveh5f3QSnWsVu11tsK5Ct1ansM6zda,0.4
9c2XBWkmkrRA5zX7WNVzzPbxynxaSxTkwRi5Pvzag26Z,0.4
CnuPHiLT6WGqmD3rdWRafRu1wQYJKhf6GWC3z9LZnSLm,0.4
9J1cSqyJPVQH4e7MDqYZAmki8JmVFLnKeHgFL9VPz5zA,0.4
4qSTuGVHw2o49MdppJMuzhSuoNKRS7Jm6ZVGRTWENqKY,0.4
AR1xJcpxgJhTxeGydXCQwx28Tt7FRtUo7TJGzX5GVJfo,0.4
6o7VK1YZWQhQqRPwNcapgpfnEwJYTbV5shY31B4xJQ9Z,0.4
G8gnApmqEn9apT4aLkyX5t1jXTxn2kGxrRSC6LuoHoqM,0.4
8kyd2nkY2gfHV7J4Rs9vYP66ZzsByWwqRqg6nMAzezZo,0.4
6k7gma59cwekLEDXAppY85sSvVGgq6dqwAbU3MiKBWET,0.4
JCCGk86ZyJHG67RShWY1Ly73xhVcGXrFJ2yeZ6dM671z,0.4
AqJnMj3rYj1d4KNY9eDEWqGfnS7xpizZQ899c6BQDYmJ,0.4
9uenxvxRcSdSSQb6ixGAnNx3oQoCe8925282JDkwKS3m,0.4
AxK4EzPrxF36wc5kt3wFuiNdCTaeoV2pFp7x5quTyF2j,0.4
HXBQJqLDGSK867YeC7trwfdTMtBk5t1iwvo1V9qQLQbH,0.4
2WSFSx6HWUbqY5ebq44wiqHkGYAMWe2w2awdCaVeswxK,0.4
HkNfwb7mvtk3wuo4ihJXBGfgENdsa5adD4JdmzarZM3m,0.4
2ghtCtq8L9z19khe32d2BoeMoiEtzXt423nSkxKjYaut,0.4
5XJbDR5g77dm9bbycBfaDBxmgxv2RcxRgzSbAuyYsEH3,0.4
9tPPgHgNxo8XU3wo5Ma4XpDuFHbjQ2JCekHL9pEvbmhA,0.4
S6aWxQqU98WszoRqLyQR1Q1zgbBzR4J7X4NyuoHbJCk,0.4
Cfks13dKCm5cpAKdSTzQvm7tZCshtMTK4K3YLVJuxbcp,0.4
8nwSCyfwTztUmhGZ9UUf9Wzzy7Eysb95RRCFLvaupXP6,0.4
B9FYBwvbxrdaBQBwuQaac5EwsfeyGEkgnVw4zkwTCGoA,0.4
HoPdWfcQSErNuSCoJDSmHr1KGLEKLMkQiwrkfNLJviHq,0.4
3JzEmm6VRj5D6tUQdiGbQyMCs2KSpXjDFLjnzWDNEWkJ,0.4
2sMDDDrT8ArW9NQ8KrH5zu2gGh7VdbjMsUyGEgAXpNBJ,0.4
HHhKmr8Yng5Hvyd3ZYw9EyePPD1UBwSApj68P2Zsx6tB,0.4
58T5pPpMxRZYoGqGPn9UyVa9w97Vm6mJWo7FW3GrTnR,0.4
31AHzTVtM2NAGjYZxvrrSPjaXfFUM7vUyTbi4CTjVXBF,0.4
7F5dveJjkjV6sxkyaMmA3uTmSgu8HWAX2AfgChBSVPKA,0.4
FFUQtKduab84oJoGk41kgPEzpkHgPg5jUwmNN786rJgk,0.4
6dPmZ6w5hbzTzJhydmMivLkzAJMdPk7yP26YHMFsdhux,0.4
Ec8bUwGWjtCxi3tM3vvQqG6hUL8ydTtqFAdo1ZgFjBH9,0.4
2gsYaa8iCD3HAEkyjKV3LwmxXnjGdZFzT8obk6x63PAJ,0.4
22HHh2pmE6xLn9w2efjucwCduBVLUnMdb9LNssmbNbds,0.4
4QPJtzk3uRh3XY9cBm1TQAReH9dcKMSxkqPgsihk4h55,0.4
EVtrHfL3kRTRPq6aTPitvVRP1HNL3bHoRmMd1vVQGnr2,0.4
DUpTTVU8bJm89cLdEUHSpCM2Ss5Z2LcKPy3UVhLENWu6,0.4
HRsGvxpm8JKshsmawBV9zzTUXzKDWDmyFj4ikcPxvqKD,0.4
En7abN1zQx8ZJ52k234MwHGsrMf7ytUyWRgADzWQRv3m,0.4
RZPmdEEk3kTWPfbqPtqqQwNqNFJq5krBMQ7zxY2rz5D,0.4
Bnxf7URnEPNUVr4HGpqe5moVRergNoHqrAZCi93neA7C,0.4
7RnHW7yvyvf97EhPG21tvBhwQH3wR7kXqptDCw8v2byv,0.4
BpmvLS8oJVddNTk9rcGEopfFARKDMt7cSmKw7ukTjreZ,0.4
6SVkUPdCqd5BD4MZeJYgAyWnNX7inrFz6BvBZ5HwYWLp,0.4
CWr6urGf51vZTPDVd18j2rfXEtAQfYBrLz4YXJTTjX3o,0.4
5Aq3z717RgyviKKb7LLP8XprQawFochafnhvq8HM5Mjt,0.4
A9FkGWRNTXw4eDWfQEqQceEDjqabwSiAA6Jm3tUaDBhd,0.4
8LMDh3XXicaWZjSSzHfh8DTt6nyXXe1r7gRCK1MMfyzn,0.4
28uf96MjJHPhnwQzPaZoXVTedZffyigb33oLANfSAyqd,0.4
47crfMf6mXaV2QeGdwJBFkX7ZFfCgqw8hU91xAgqvpoh,0.4
Ec1ssYwt8Uc167Z8CzgyD2wu19cvzn1CdS3fXgCA3rog,0.4
CwTWJ7jCxvDaa5LHnSBdvUuKoRR5nD5F2syk4EyCXRaF,0.4
5dKnSByP1t31LnXxYpbuQeJ4EWpDhB8We1MhHbHfgk3E,0.4
AaBUFBR29qhSdbFUagNHJgCh8i4FM4X8QVBMQyDy2j2s,0.4
H4nvGKCu8oAYG6KNoM1jBbxtGVpW2yYSVD3Q2wRKGxFG,0.4
HMSt4UmXQ6uSsUCMGEMsC4XtfcgCfcgTcd2FXiKcFtAX,0.4
CTLpiHa8QyVaRRECZkGdq2YuEb8WTgDcj2nEAfMz34NB,0.4
5Hujw5fYXgH9xg5W2ko5hFkLdLvSHEq6VWFhPwYnMju,0.4
3mK2sgyYdXkqDn1H25yszG5pzDNsvSjtXJ9nusKKB6rY,0.4
EbmtJReTu2nBdMXnXmYPdEohnkqZDMArJE7HBnkdqsfn,0.4
9zoBTyHYrqg22AKRCEqgeAqptD1SysPvjtSZu8MUitHY,0.4
6fsPTDXEruu57vTimresH3Q1MEY21Mb4SzkxHGPtCbzR,0.4
C7DrVNYK1xPV3xfgf9KDn1ucjxRa6PebPCEhHUUb9TQG,0.4
2ssTs9RvVA2VohoZodfZmroeyasG8sJDStG1iqy8eYNX,0.4
HC756ZPrCEzLrogrATkuS6WNTRsbCVj1qG7FMpcLPybZ,0.4
94NSP86Fzkqspb2UsEFrTh8p4QxNHPaTFNwho7jdbz7J,0.4
5erkfUoUyxviBxzev8aw1D4bBbxU5cDDZKXCTWePG6Pw,0.4
64FvhswALV1xVaydP1UbcTtKyAf4uvoZDQ95jHr3U8Fb,0.4
H5x8UZi39uDdw98jGWeAiC8rPwyQ7AjmHTaHQ1S4KbMA,0.4
Hor2Jk3hhVUQQMsjv8w3Z6LosRPGekZXUxuxRUrevKn7,0.4
AW5diEpcjxBXVbQ27cmjcp24WKGsF9wN9GMCQgYESZ3W,0.4
HzyPyfJBbYeEP37sCbcUEPvaHzL6xwanYkHYdQX2ZSpD,0.4
4dbM3DMsFdCuqsj8RxxzeFnV2VkLDhLcZ4m2asEGtgzP,0.4
8oWEMjnet3HBPBc5rA3dZRMbRRbVeFu8DbtA45rjeiT4,0.4
EEiBoRmmQPiLRS5vQEEkkuE9u7Vo3PmMrFpVGQGjEbSS,0.4
9MJfw4zRJCCHznCYCwWsomHLMroweSMmruUkPM2fHasr,0.4
EsR9zrD6KxmghP3u5xKk8ensnbvhx9zSBCsKZ4BBr2Cg,0.4
EJhb9GzYy4LAk3f6xCpQmbC9MtfFtZxz3FKaUp5mykpm,0.4
DXpxtngU6LJF73WuEMNWdaHSY2JoTsf2GTuQLnoD4Sgb,0.4
HyUA5nK9CUybVz7xfe6V6uj3xiwQsubGrXfbQUNTmTfS,0.4
ttMBQBUkrAnCS8nQ34h69JVBBiZVh76Ud6ZxGzPMF44,0.4
2CYsdwuFWG4c5xGjvEPqxi14cFoonk6fqcHjvVHWT2tT,0.4
DXf8rGVmr5Jcri82sTrbXJc9nhwLfZCwfRtVZJPbqfuJ,0.4
2p4PKMzi1kiUBcmub9Fpd3NDeDF3Bd2B389pEHYUhWuA,0.4
Dey8wkmnEEC8mN1YtVSWGqqAQtQb3MS1WQr9UzVumPV8,0.4
J8HgxjMp9YT3VgQArPuUs1Toyb3QCWVGXwjJ34UZqACV,0.4
9nv6E4MXm1z7toNz5Usbu2n8Vmya6N4huLSnzAmSBfWf,0.4
E23N7kAnNf5svFKbug32VoM7XaJmHZ9t5UYwVrkHELw9,0.4
JAkqoEJpj7XR5uAJnzBQBgbeQYefLBerSDKgcTJTsuFY,0.4
6u8zm4wqJoFfxNVPKetFVePJ3jCALxHsV7NXTUz5aZHW,0.4
7zsrxKhDx8NPtBr6Wv2f3HEARvLDHNotxGWsQ97G249h,0.4
27F1D3Bf4HefkmMmYBtuKb5Q6aFxzQgwfsJFmpwiGRFU,0.4
DgUdtPhTQ3s8Hb6j9fg3CbLSiBTMWs2WDr53jd5bYjAm,0.4
CPsKaRXZp9D7AepttMASUN4ZtzUmo55UmHmQ6oEPwEGW,0.4
8RhJTVR57jHRsJabyj2QCcvaTvNaHsntGTASYmep9GWy,0.4
814ibMjBL52gDHUHPctVQqL6eVEudmFYsDjwHBUaxsCE,0.4
7sK5H8uVHwEM1NLB4F61DXYh2rnTdP4ZSTmfS9xzYTWT,0.4
D1mh3LYqpfFZ5jyrSfuqqV4mciZxsKtBjD8uAvvGddAc,0.4
4L1fKoBEd48tm7ThCYrmtRMNpYpqLcPEq4LgfQGTiWg1,0.4
9LoNeTzVG2UTSrmNYbo9SQxj52AmpXg355P6UdMQWF5z,0.4
8pKsHAvoeNcfY48c8ztPGhZ7PvGU21vcjmM1ms4yqgub,0.4
6w2tHk1XFtzL6tbbtwYUeheTYAF9ono3TxzregvCvFG,0.4
4c7i5UftNXqT71UNBTGv5BAn4AoT3yvoEFfUu9qH4CUY,0.4
8dS1NXzHQDtvhjfDWo5SXmJ2R6UWFBmZMkJ1q5zQUAtR,0.4
x3yaWfXGPNmfkW3x4h9oXyzobAM1jK5P35JzxpM8AZ9,0.4
2CAwtjK7uWysaVoqfigZ1tBK7h2hjRWkYojqSa4BLRCd,0.4
8jHG1WWfhwwdengW3XmAvUj6Xxq4E9LA6rSK4Mz7p1Rf,0.4
BDt19Rkta56UJSvA5VR4QfihH5BGTq1idTK3L9EHad8v,0.4
GR4iEymvJzvHqXYtDPhszLXLWw9gkpXweU7VzVtWbjQ3,0.4
Bq1iXKUzXD8phBHLJ1uYmFUXoK33kA2UsMWnrzZNpmpX,0.4
AV4bTRQzbo2tbipJjRyekP4QfDFDzWDkJ2iHbxVVmtr5,0.4
F6MZQTP6y9dDW39CHaFidjLMjruuGWMcY3iGqkqkVVhd,0.4
HvUrz5uGt5oUksQhCNzfxc2y5uVcg1fePyd2wUhdzqK8,0.4
5ynM95FeFGzrCynifzFxtuQeKztkYUoYY9a6Em59eKmG,0.4
77dMwQDpDxPMfJo2351VZYHAbdpXkJw1gzFhwNJsnVGn,0.4
GtRiAFRCGxrVuAhLGNfE8cbde9w8wX6iUUK6ctJVF2VE,0.4
Efe4j7uwB2iPVdbT6fcgkZjJfFweS88rSxnzpq5SVJ97,0.4
CPDnZcJDhZFEBpe9v767VLmfV4qeh4rLbegPvRxDqpGF,0.4
9cFpwXgRGKWFVJc4e53tSUTc2N5wLSNLCfhLYKWXt2jf,0.4
BfGT1oXBvBc4io65uRhFxsEvnPnGcgdsVPVPZGBzDxdx,0.4
CNcEzEQrxWZpCkm9z97AwMxEw2Yg6sXQy71vdjwzfH93,0.4
EEimWhAjRQ9BeKgCzXUSQkkg4xYMFsbp6ckJKkkNg2rQ,0.4
4wsVo6bNKFhyRdd3fbxacAaZz6JBQj1VpYhaZVsWTLNA,0.4
7SnfyEprjx1wmarkccUAxSQtWs2GUtxgv18X8ZcoLcdx,0.4
EpaYadNsbwZ1KkPiR14jZ8s5MWei2tK3pftmkBZxEZo2,0.4
14LMDwkAJNL5tzrKctMxpBhvYwxi962nt7FLdciuk6L,0.4
CdU21wkEUcZ4FHYA4niaydeSYXQb7jZUNDoam1Q6a29a,0.4
6dLX5ubX9rpCjAQdSr72SK6unRbziqDoZrZ7HWEUvsip,0.4
7XUbx3eUEaag1zXmGqWveXdZrrjtkb2fwGLRynqiDiZm,0.4
4bBYkMYDT66gemzkJHtJv9jFx4FjsXgnbg3skeNxPLeN,0.4
9kqHgfs7voCm6Ter1QjYjCKF6dQbFUsZ2b8MzPBVi4XJ,0.4
UrP2H7p5MfAuws3S1J18jowU7bJtoakStj8cFajqc1r,0.4
3Wypg7B11tNvHzrwNAjqsQT8EgczN6QaFdYvFnp6DJja,0.4
Ec1bDVyBaqJbVNpJxKX1b1gtK3uGW38jWwEiJLgSazKy,0.4
AHBs9trUAxS4viWFuBqM6f5f1hobUdsALDFLDSqP6VWu,0.4
FoQgD3M5QTmhCmmcrsNwhYVaJiS6R8KEZJfwkYaaExSY,0.4
GuTiWq33zGmk61KCe2NGzrcZXyirvG727bxd13SKjepN,0.4
J7JRLcrbzMhdaJAWaacQZGCrdPLTREFGbGyC5Cd6evtP,0.4
69q61seoYXxKoqyX7nVDZUVP8EWeniFkL2iZqtpj3yqr,0.4
AUfw6BwSouEuhoZVCEP7SeJsXvoVHgvHEGUcXTXizNmD,0.4
2wuApRkvjftcto3t1b2erpxscKizsbfYnWacsiS9PufX,0.4
4SS24oC83xp1Q9xaSHgA4w9RXXpaQz5AtHYYsEf2HouE,0.4
2LTM9JT1fjA9ZMsXqywf6RigaJu6aGJU9KRsH6rs53cH,0.4
DpcrkCjntPWqZxHNE821CiwYX8sYgqPDzJtg9Vn6YvT5,0.4
HXB6CmzYjGngNnukDGWf5KbNjNDYyddBbf5qAQ5mNyZ1,0.4
3EtQiUenmMbCtfDjDVA1GnhQeNmyjW6MpTFQKWABvDis,0.4
ADYsXGz5PUTfDzg72SQR2AoFe382fohpetJ2MF2XrGYC,0.4
DPJZdnfhPjHeZnjaH4ijB5MdTyaJ8tqFFc7Bi6ViNTDe,0.4
Btm7H6PaAirE2RsSNhtuzNdcErmSB8k1ZUzefY5WnKFn,0.4
CURTdL2zvWrjne75YW9XJSuwMhZmiY7vad2fbbp23SMj,0.4
6KGVJ5C8emjRmtfvai7vEHvX8S7dAFAL5QCjC7BBqes7,0.4
9WXP1zD9Wh51HBaCSAw3fMtuoyoj86fRstD7JfU9g7Wz,0.4
95E8FqwwNswniBj9CvHdWYZxYGBdHthwtn2JP5YtPXKs,0.4
qUyrqKBxcBNyCUkdA2sBEjSABs4MeA6aY4jv1MKCQ1x,0.4
EHipdompUxTKfPMXX2pqYohxnxo1u8P8NzGGL7r9gCiM,0.4
EWkAsU3MWJGGMtFCmGbbpqApX2Tda1f6SGtBkeQk34bf,0.4
eUefaLBKA55MXypHxACydm82Cr7aRmzpPu5QebEoyXX,0.4
vGvUxveXfPYxND6Jti61QNbzHLQJECTRQ75AKTkaW86,0.4
F87keTWT9jwYCTCKuT58fryNz5P5gMRCYUFkJjp95Fjb,0.4
9eoiYtdxGGoJ61gCZqd81fY66xirPmsMN1NEzrVFBES8,0.4
6zJofkLNNjYKoojZpsDazp9X982E2pFg7xqY5svVfM9b,0.4
PEt2iAh6SwHMvzn79JLazoDDBGVrC8vz1wdkU5RjNVv,0.4
9DqF7SBLKzWd2yDH1vXnNjowfbY9ppseBfXv5TuqSXo6,0.4
GQmQF9i3Gc61iKXqBWDGwktRCjTSDkhX9QdjBpm7kG2B,0.4
5CCd5V4BBgtrzC2jA6tRh1EHeELehjtunhyXVybf3QWB,0.4
8pLCP5w3HBqyQxySo3sMPbHnSGjch23S3oNW8KSYy95D,0.4
2jKUoaixtzR9rakJYkTQocSumg8r3z43TK2HRTbkXBZ2,0.4
AEMSv2Hd3rALmrwL8dvHexuRUjhajZVf87boUv7w4HGp,0.4
CqSQvktXV3x74XWzUea9z6oaTtGzqsnbpCEZpUzZNYaP,0.4
ErRhYb6LwEcfpY3EaQ8ScyNYTLYD5sScuB5pGMb9ymHB,0.4
BM9Aje5kNr52qF345jR5MtkkcTqvQKcWQtWfspAfnUMs,0.4
6fV4JxNupTNEi4tUA4jZX6bJL6q63sunqmcd8SarY2Pb,0.4
9xYpwCFrSFNYipKhz6hGqJdRd2k7UU3JoozNPkj7GZy,0.4
2dhLw9nZsLY8nM3h8nziqpp83TxnegzTxpn9KpQfDted,0.4
HmiM9kfSrq8eDkJTawA41d6ycFp4wtTxoM9dJ5tddg3w,0.4
DYcmCewDis9NZGfFFuTwmnSyqprpGhKjPs74iJgLqhbR,0.4
CYZdbhKhqDLgXjq2YPwjDBLYWjPW7kyGQtWUKrZ5drYt,0.4
9tcuNSje7ySNcLk1QLEAwfsN6NN4TMTDmjubkfPoi1X5,0.4
B5rqneJmewGJuD464zZauMc31gPFRYzbU6p1Z1sFdNyP,0.4
FaR3ESoWaKEtfPfCpyoMUPYWLjVbDRT3T5ZM3X2htXSX,0.4
3y9TEuSEu9p4PqU6sRk34Po8aMHUt2aUCW7zRSjg54Fw,0.4
9VUj1T4sXGQc22WE1AKfcU7wNVMg5j36c2UbGPPvup3P,0.4
4tLBPwSuqQEXzijJ7C6BuAZSa3yiBei2Pe7njZAh4bdk,0.4
6sZL4P7HVb2KqydUNPfxP2yNP432LLKmRQJc4qGah7gK,0.4
26tYXWPNaQ3tEW5g9G3EWm7t2SyU4jrMhvb4YENHLVE3,0.4
5g62yJdKNTNwzPRfoDcrr3SPbrJsw9fLWQuqj8AeTkKU,0.4
AQ5JGZ5b6N8U4owqxeR2X8pqfAKBnivcVxR5yzvCV5d2,0.4
DCZNCHQGmHhLH3hx9fFRyvCg9JsmxFvQYUgW5QBRF5SJ,0.4
69xUn8Njj9sMS9BYT9Me9jLcqmvreXndaxA8LNhfaRBf,0.4
ExNWuEBKX8J6oMMWh6qhA5T7hpL1z1QmPc2N4MsDeRUL,0.4
8uURrafw93FpGMhEyy1sNTXPqZXgRot1Ft65hrenGaTp,0.4
D9Uav5sHru8atzXEzDQcCcwwHx4FMRju4g3rsF5Xu5u8,0.4
7zcVWYTqEk3stzodh7rFQaKTWJhuoR4icV2JzU5aB35q,0.4
41AgeBxf4YPu16JLvDqHAxqiwQbu6WrMU7WY67LhxCbe,0.4
6a2zXWJHwkJJbpMFuCGUbvajov7SvLxupAkWJG27fZo8,0.4
CVhq7Hq2LPKTFGTXhMUYoGKfsYTrwfNDXFUCtSKhp6qK,0.4
6PBzdPeWF2RzzbLQxgGz1Rfnvb6EnkjWBVuYzXPU5kzR,0.4
FwE3PcUiv55Cjoga2GhXmyu4qei4kmp3SnmBAmj2JZ5N,0.4
99tU7pNHkfw1w9Cs1yhgxDKdRM43Z7GUeZ6f37zASQ6G,0.4
5CpsZwjSu4J2RzcQJbUa7mxAZ2LLSkdgTL9vGpDCdQgX,0.4
94FssGDcepigqPjjECtxFJYWLJSttPZyt4x4FnonvWSq,0.4
7nc5VWk4k9ZqpZkTzAfsFddnbhAmq4XhZvmmk6xdYgY7,0.4
9KyZj4DBYeNoUMtCvv2numu7VqCZbbXjSLfTxybQSNiN,0.4
8fdFVpgLYek6UXucF2BgtLfbMVacQc1vm2FK4FV7AGdp,0.4
AdfLKuqYXQzRQBGB35tYSXiZjKsVaVpNa6cTM4zVSBkJ,0.4
62YkZqTgSq58znkGVVPPhe55WFwED2yxe99VDdyvs4tn,0.4
2KbafRwxV1BpRuqKv9TjqtR4gQrSva8YWt32KjSDrPcF,0.4
9tdCVGygmdzHyx3R4XReRZZFck2g9zbztpHJCJcihdP8,0.4
5p63ddHC72MbesquUWQWU9JmazLzo8uYXh8q9kHSSnp9,0.4
G3YZiHgimoM1ZBC1tSEFscYyv2hJeNMrFQRFSam5SoEq,0.4
nDeMdwKJ9tHKXiWHqLuVsHWXTXLKqSQoWTmPXMi1rv8,0.4
HQyT3J7K22anSBzrjYq7eC59jK15Y7CdrmaUYb8Jk1dU,0.4
5Jy8Y4AGRu6FLQ2g4momCEX7sztJsyPVAvrm6pGFLzvh,0.4
5p1ybTMJXXToVDNsQvesqicqNyn3HcDQ8YFAF1BPGWNx,0.4
DV4TKRHBQGMuYu68FFSYaUd74oTSpbZh8bH3tQ6yij8G,0.4
HwW1k7Luw9xXqNXGhrM9m3hQU7CZqiQz2RUQjvvuhu7M,0.4
5PCv8MMGdwD9iuQob228Cg4keBDT8JnyGkpBcAzcqRsZ,0.4
BdyjAYEhhLt7U8JwpM3F2gAo6fh2VDXyZYkE7tSpaP1j,0.4
7nt7FXKRixoDCoeNhmtogajgWX2ufZY9fdoJkzvxsNSn,0.4
EoVf7R2pDpvk3sLVWVXSr1c6QQ699pYYA57mCLsKiFKY,0.4
3La6qi64gWayRhn57N2rdAZYmC2L2nDHErWgQPN1iCXW,0.4
2uqZGYqQL3nguYZuL8ahQJpp1ZNjcxt3ufbpMig3HL8i,0.4
B6BErQTC8FFRpmAb5Z4feBvniSBykMqTgVDtKBCsihsK,0.4
BFr6YvqPFakLsSFYQMQtjrmhcwBQS2y3q7y6YsMoQefS,0.4
9swPobTKemaGneR6786hSGVVQGm1K3ASoCvbwoedQWbq,0.4
J7soqJgDPDCAtM3kNw4trsLGC5SrK7hKCTTW1dZDxmw,0.4
55v2jtRqPzSNXowEFQvtvwrCR5mj3mkJHoBQniRaSNv,0.4
HjFrYjo2DGDEGtf9daQG1xX9k4kjVSVPqEAJ5Bxdqu32,0.4
4JDtd643UT21Trd68CMbJSqSiLMBfRVrB4Demg1MSTDd,0.4
2bxDo8Q6WrzrLYv5pUFSpYbdNCxx538kscmBePy5UcLE,0.4
CBjn1RTFseECp1b9jR7uhqsNw1csFEQ1sVzDaKGTd43V,0.4
4e5mLd6GJezB2Edoc9bYGWkdvMQcRBSysSHQYmaNn7D5,0.4
F8aKQUiEqdb1UfjnKwgQyaKwh2Quruy7DtgjhY5Hnq9q,0.4
5ZbwqdJh7mCssATcacDan3k477XaJzT1ckfgYVYQb1PU,0.4
BKFUeVXpTJ9a1xYX6DaLUqc8FHEnpPzGznmVAWww8ksy,0.4
BVEU8uAaTV3ctL5p7xdLik6nXKVmKbN7yX8ZfhPmCSxr,0.4
5mVXpoxUruGWarnSAUX3sji6uH2MLjwEGPaPfAWuJcri,0.4
JD7ouLj51XhFP2n7RmC52i2WwFwvtcgDsPDjT3BstVTe,0.4
Dcms8PcC1KgEh7hYswgsfPJas6hqqhkL6rs8U97mifkP,0.4
7dzzarunKMQbU9tHNxYUDc2xPZGNCiBNi5z8DVGJT444,0.4
4vwaQAohEAru2En8dzYWTAvP4qwyBrEAwADQi1C5Vonf,0.4
3KTu7vcL1eGG2FL117TJYKsSq8uY7kBJ7ipCWFaxf1sk,0.4
BDptjNGuDw51k2qovLGN6zDtxVUhGitjCsfvhmXAfJNn,0.4
HtRgo5hfvyPjKYvG1kz7GihQ7MjhuLWi52QpcoHr2kZi,0.4
7La3AXrRYLxdmfJqmc5rB1jFMQqjqxhhZcRJtsb8Njau,0.4
FbwrqMgHQnsgXKTiM2aFZVu3Mc5NV5afUB1SZAyS1anV,0.4
GXteSrx8KTsbNUg1rDqkHNNYeWMHwU3zbCBHNMbyERWN,0.4
EVT3NVW8gqisNzgMzARCdRMpa5pCGTa1Rrs2njz8fbPu,0.4
BXYyn1J4rAmiDPG2GW4q9vJL16WdS65Xwpm79dqFPRx6,0.4
9FzCXBxAn31iw3w1mD6rmWEdMAeeQXUDWEjKQsLbDLZk,0.4
6veq1tzyWcyiwnUJBMNvptqSvGU5QQMwkB922DdsWLwr,0.4
HsuZNotSjigHxLQKHeH9aUDBDhE6Yxjm6jXcN5Mvw7fZ,0.4
Aq3NTZFU91Xi45tLt9E3iy8kAPe6KuvJgrAeGh8jMo31,0.4
DoeNeQynH8y6mjsxCgVjaEPjfCh3BLeHctNidNKF6dWe,0.4
5smkgYuocrBaWBLDfStJ4WMSGNQEZwdU7WcgRZ5Grnvf,0.4
HmJGUXuPMoapgiwkzVaqiDjBue42cTUm4SgjktmEEGut,0.4
7vxcmc89eMEBZ8MoQre3tPC7zkrQSetd6MBeqG6UVT4W,0.4
3UTJdSVWM8fn7mwKKFyFYRqo9FvrRCQDy5VgoQgG7qR1,0.4
GKj7sgpbQffoebhu8TASqVNgMHx4MzhsLhRt7BjLDpXq,0.4
8fNrLQg36MSd5me3pfkDCV1jVMHL8xHaBG8D1dn2ZE9v,0.4
FJvmVyZDAmdvHJmnucY63t4C9c67tj7XvioF7y2WGsBr,0.4
BegCHQuuzJ49ZyAVP2ERhrjJvKZRAvKNYtbVK9VmLk8E,0.4
834VhkemPVybh3uV9E8J5fCbz8QCD7kqZCxnrpkyebkd,0.4
Bo1FCyLGxVUq93DBsLF8ASe2F3RtaRgxJnxpmm5PxHKS,0.4
78SwXRP7nU9S8tRkKi7hyLiUUSjHugtHdM1zJfmTiEAj,0.4
EEBV6eh9fX2giHP9tWe3YrKkYxYs5nkE4UhDw6zwBG68,0.4
GjKi94FMg8dKwaWqhNTJs53F8iYwfBUVyRZNnMKnm7qV,0.4
7aj7nRZ1a9nA2UmYeyKnAbyB5qJFdAFsYq9f8sn7ytcf,0.4
HbqJMxBswdCmU62TtVQZ8bA9TvEfvXMAVKh3MTuyisGJ,0.4
HzRwVQXavD6edMqWDTrj9Akbsc5qUPpp6Bucqr9sZL1C,0.4
8LV6cKJLQDvtaeA1wX1kzD3XSJxrCy77gyg85eM5ZC9c,0.4
3D2QcYmNUuyPkWBB4Avpo7C2PbHRgWssPnLveZgQ8sLV,0.4
BM7qzkJ2eZZbVtE4SyF1z6wuT2SxcyA2uFLn1HqBmKc9,0.4
HkwRzCVaMt7GSfYEnjciQPFsMm37Zmqm8VXf9LMsRtGi,0.4
4zwh65ZTf6RiL71TwprFfvEbHe6E6NrPznwskoDowv7F,0.4
ANUoGFGnFA8aeBJvcbUcvLuBG4Q5uVzVKrfbnHy3iNUM,0.4
FkrciK63FuhKDu63kpsQ8BRPbaL3BGm9EpHBQkQH7dpV,0.4
5iaeYkuuKsNG4zfiF98JYFdnJq8D1RiWoUDZjuxSitt9,0.4
J249Sf39vHh4kBGXDhNhsK9vkkeuATZ8LRUSd85G4PoK,0.4
6jrnc6REBavHKgwL34EoqvhwKX6oNMGQxqfYdq2Fme3o,0.4
3zZKyMUUxdMWRsCofNnoEbibEbSaFY7ayJXTFJorYNoc,0.4
9PCaLnSYwqNisjG81eWBdARHnS5MRKdiVjsoMPAXWF92,0.4
3twuN8QMWtbZMkwwkJthXqxkxWXLHHoNqWibsXbEFWPE,0.4
Envv7aXJ6uR1b6ayDDWLFVuc2pSVkWa9dNEFt3APxXUk,0.4
4MBWYo151qPNxttyCnfzbwWjLXiUFcu62Uh5FVRPNL54,0.4
9SQjqWeXVQZzNzvzfd1gMi7Hgdi9q9HYhzVAG3NnrikP,0.4
4wUNoKbWg5vTNdvpsvte76Ek8okheGuRbt6xgqU5PKe9,0.4
EzZLMuVV6mjtsTS2T6T36At8uEKhv3SKFnX7m16kyt3U,0.4
5DqaC8JgaWCPBKs1gt5HUeUVNhXC3wZU3BdiwWiz4pYm,0.4
FbdP5sarX6dS8pGdnfjyS4yMq3tbDoMrHzSyEWuyG2VC,0.4
2KttU6hcxs11AXSpDtLfnGxSJFxpNsgbwN1fcKDSAKhp,0.4
9Mti4ic2SQuR5suBTaRJxxYNJXdWnZyX7GirVnBwaHjY,0.4
5JrNxFUGAnZxxsamJ6493Hw7vNqPaZeA4LPsUi3fi5TL,0.4
CoTYbyb4nv7LTeuC878d9mP6MCWFG7aiuZuY1tCgdxEz,0.4
HtigvjmV36bUHcmWuHPHPgJteRXv7iFb1JGUfp5QFahK,0.4
riedLauQJHG66uXcwdcWSk7QadVwKq2np6GMnyqj6v3,0.4
J16HKiXP2ty4afDSUwLFWa9rJzAH6RLe6VtupiiQ4MXT,0.4
5c6wFXD59ramrhq6SnkTjmwh1bFTxUwk33FvJUW3Y2zQ,0.4
CNqSk6kSbF8ixfjpRrgHGsf1vfPP46wPAK8257biSBNy,0.4
FpVGAqqQVZJyaF5MoVdVx8DjeoYQqEPfmo38XR52M7Ae,0.4
D1KLndsfPePMXVkM4uzUzMsrUZQAG25vVykHvbJLJ4e4,0.4
GYrp5aLP3HSCkL5qkkqT8o2A8Gs74KoX7N8nv6hGuisU,0.4
EEdCnE41nVQaadxjpn1thCwJ6Q4Zfr9ULoDJWW2AzvA2,0.4
8NYXbCKhnQpRsMTDJggrFYQPqiP1jcvZedvZR9M6FgGM,0.4
9J9tYGndHbzWdQ2vYJnzfpkFasCe1tATjbHYpaUfeUFx,0.4
7ZcboCVs5eiAmp3FivHp4FQpmBWmWHEp3jjNY6HycUkS,0.4
HspZCsBp6uVihSA9zY9MCseJfk84CpXifpAiqALUbiFo,0.4
rp8iDSy6MgWk39Y9uwfA3oUuNkdWpf73DKDZXjeqaaf,0.4
92mwJRcXDz4wmEQQVRCA5nsGhYdQxULmuss561VzDvLA,0.4
6mB1AYBmkxh8YTEeoBmv6yRjMf8HTxNsBeixJdSBWGPz,0.4
EfZ6ymf22CPvtyTYBpyErPwSrGUnbL1eY587woD1gsz3,0.4
FLTj3o7huG7QKycKDKJrP43VrMZqReVDq5JCn1Gea7yP,0.4
DRFkLBVxJz3KBnmcKzr4h1LgswZj2t3YeGh8QQTxyU5Y,0.4
2uGTTAqMcyVXMFDk1Hf2AP831581EzSm7aExbnSHQtcv,0.4
fEXtX8A9XeBYm7PviA9tyxPU7DkdH2reZ6xk4NNqQdw,0.4
F1wp2rDCWxwHZqyfgQMaEK5rsPap9db9MAFGN6QgsWXZ,0.4
HoRLRZrr2iDWLGqAUZpndsoikhMLpbbAiRTLEkwtyFQC,0.4
9Rm6vK86DpvQVMh87mrYJctAgfhMv6G9AVMFADFXh9f9,0.4
Gug4QARgawehFnVKnA4Vm59kuX1h7Z7ASdN6nAjawqKL,0.4
GGPauoUWhosqgJJGrvfuVF7GLX4JK9V4U7EBCPjvaWno,0.4
6sGtNvimRzRhkemDuZ7e4Qtcs78RFW8kntNCq196NPXb,0.4
EwZ3mAWYkLCYmNQ5i6ZzoGLg11VEExbireWLsV4PGq57,0.4
4hZd8J5HAdDeQKDppbgsSkF8F2jSWXTKVkQeSRdGoBVD,0.4
EHC5zw9tXG6LGGG843q5qgn4rkoVoCK6NSovx11RaCdS,0.4
8grPJA23zmjZNgL3SUtQtvMhtGNmjRP4iSo4UMWwwGEC,0.4
Fysit2R6hgjyUBZbNDyvFtaZTTNAqpi33UyvzohN23Mn,0.4
Ats4yf8CZ8Pig3hcJtiqmBdt4F7vY8ks7mA8KirCnyFv,0.4
2jirLSGkUuUfd5TXT9JSQ9JKboTF4YpHvG4REmJDHXCC,0.4
AxuijGhuvAde7cTbVRKYP34eMBsA4Cagx5mJtirhR7GV,0.4
7aw2ZsvXivHBpAVHMkQgYh2ppLbDgumj4SpQvgTyMrLh,0.4
Hm3ntDCtgn2p4kPiv1BvcDaAdXamNsqscM2gKGziDBUm,0.4
5htwpmxKfECrLchmw9ap3qe4CadVYpepipGqPNqYhnkQ,0.4
9eekya7D9Lcovaew2cbyhmAKMMvuhy2ovUJiYqvfPyb,0.4
DxRQ7kUpBJAMwo1koPHPJob5MUG3AbaQ5coKkdQR5MCz,0.4
AvCyrG2AafQUw8Fe1VYRjnwbQTPC5WGNhYV6y2LBeURj,0.4
yJc6b2RG1oqNJ8bSHNDvh5PBxgn8nfNA7cvTiPyh7rt,0.4
B4Bio1V7iFhVfTS18v163dPmVVEqR7BBmfUXU8aAoYDr,0.4
HUCgW1y3LKir9Vke5qv8FpJjS4dxXjPrxbgqNqgX5K78,0.4
4LLqWBHiNWLhuStafJQLcTM3NsLP8UagKZipRgXBCGiv,0.4
FmoMxQkoH5dpHqKfSzjJAaHxgxJJxkTD6L6AKVH6LiXF,0.4
BAHCqLUNwFnzy6S4KKjpYYMDh8xgY1z9AAMQXuMBwEN5,0.4
2cMY7uTF9kAwxZnQEZDgHgv6eQYrP7HwWoTnJbaq2bUK,0.4
5wVWu25XQ5jcp7THFZwAss4e8TQn8FwGTLQ5gCHLR3pH,0.4
Ay5ZVHSn5wrcN6bBJLQTgFcvxXnpG5vPqY679kgAUrMU,0.4
D1siSKqPMrbqxutX9qYUfeDbGCEWzHwyGUEmypaiDQw7,0.4
J22kC1QK7EXnvRSgWReFkSZnHAN7FgsSfY1aDaqPsssG,0.4
5TFpRTk34gb51SrvLYpw2kqaoA7r9m1EJLXsrzdQHN9y,0.4
8aRQTWnDUgcwMygxjbdxbp4w3SBLymrmx6rbzfyEqVP,0.4
A3q7stTjnogw5h1AQcFvPsTCds1VpP7r1J9L3NoxiTUV,0.4
Gqs7xxvwwXA8zmG9TcUM7Qui7mAnvoS1yjNjfvoa9Xpa,0.4
J8zwtStLKC5RUHH1JcTRi4hBiirFWdQBeYAa5uGQkmN2,0.4
DPUGtScCVUqXvqMLsEuhH9heTxrRSHHKaVvDT3LxWkvv,0.4
6319YdzFByWZq1744GTixGLWaDw5uEXDQ6NodzMCPz9V,0.4
BsiW513h4Wt17xfxZ5VRxajkjK8txDkGouvKhXVS3xQV,0.4
4spKm88TDo9p389q4MhywcnmDphopN3JLiQSJXcees7X,0.4
7DtRs7rKxBmPQ623C9P2viXozu1Hx8N2Z6Dx8ULqRwet,0.4
D1hSKbyN6UN9F258Q45ABfZpZmHENgsShQQEwuuTKm5A,0.4
6TMVQerJeHEkDsjj3FhZzsFNgVGKzXDPgywQD86ECLWV,0.4
dJyP17feuR84ogjMo4uzGX6Ayk2LVjGXFLi1jr6YLLX,0.4
2dziotx7J43b8cYBrQ8t2GJBAxwzpnnAyS5RGkFZ3Q7W,0.4
6qBy1hV2W5kyaKGy8TmwLLyGsGGdb26z4zBeQ77H4okQ,0.4
G6ub2tFpyTPEkgJZ8oUJjGK5eDfrWiX6kG1trUsEMrSx,0.4
93kFB88V16CvVRFUA7z6MXuQYbs5NTV9CKurNfdrrRwm,0.4
Fk1i9nKGyXqTbyRgWehL7xaHpvDivP1VAnJtrXrjctM9,0.4
AuM9nxGndkPKB2vaqDLJKGu5ELE4kNrJyZGHmkZSBzRv,0.4
Py3cbbzKJJaHpYeRSG6iA9CNrm4Zmz3W7vubX5nvM2A,0.4
9qEXjsu7kCr2n8xT9X8A7SsCa9yTqrrrP7iAdvK9JN1a,0.4
EtauNLVSruFn4mBxkJ8rmghiUTxNHyjjDEEaDGwpJSZg,0.4
CmBYBbqwqAfjhKRE8PURmuMvjAoAwv1Wr6xPrwY8b3L,0.4
kCVKJ3nuDH1twVXUJCWXsnPTswiHgEV3heYhd1g81E2,0.4
CZLPTMAt61Bx95YGXjHPPbujLUhpeBBnDnTV9eP44HFC,0.4
8EqPsuomVmHLQx81vBbSn9QMSoEjaJgXNpsM3Vc1qL67,0.4
54QeZbu5HNysz7tFUPkNfdPTKgyMTufhoJxLK1jQThgd,0.4
Gb6XtFxkSt4DqXWvYeTBGKBVCGpJ8DJhyM8i4h6sZNX6,0.4
8KLNtqVcNqSg5nsNFdJ4BJg83ku3UxN7sDQfib6zmWw3,0.4
K729weDTn7c4Z1FCGTkU5d7R4PvLGnx5CarXzo8xxRC,0.4
4QSTpNFSGmQt7iJzk5afJUSTyPKj74nvyBtKKJu3Kcph,0.4
FiEuoLrPuKThwL72fuFjzDDu2Ti3dQK8rsmvSVEKba5A,0.4
ByAhNiiXGb45C9RTCM6zZD9D7fjhp8QMzPiSrQmwZFFz,0.4
DSXPb6cjfWYAVdc959qKTaCJLK2AYvUZCQ4A5ZhA88oX,0.4
AWcTF4tgaSqDArnAXtqnRBB4Nb91Eyb59o54ev6eGQrt,0.4
JBN5h8HDUYaYDkjTN2UY48Rzru2WKjt2vsHuG7dXpYMV,0.4
D1BFWAL967NJ2ydunaXCqZUn63fu4inaBFL4umqbWhtW,0.4
5xSFs7rbZXshPKPEpSifD9sb1MzVRJ9CuBRPe4ALHVxM,0.4
F1Lk84gnxmPNJRApw2XF5wprDwpP2rBvcsJVczojTGt1,0.4
5G3UQJuBYKqDT5tPBuzgvuAvk7ve4zUq9GicPKNKxFmS,0.4
EWWQmad4cW6jWxdkPoBAbnr8JMZVhvNp5PSqMGJh53Q5,0.4
A2PkXdQ9UigeQmfgj6dV3sUQXvhQ4U3uoKgTe4hbwN7E,0.4
7AHS5rE9eBoN5DozqN1XyTkP4FmC4XDJ2Y2c14FAr6bf,0.4
9kgs3JCXLhoGkekqcYHSuMNMaSAa4kW8ZM6hRGoZnDom,0.4
HtSxRjA3NmXgyXz4WToPcxX8XQoJ6FCtaXz33ct6MiGL,0.4
CqJVEMeADyQNbGBR6goUPaqHxi5pm73UPup2fPTk2c3C,0.4
3Eo2c56FuQRE4NtXx1v9yNG9su61zi1JGPvjifRtBnt8,0.4
AJbV7QUj66ZFwHtkTWCneM2JV1dTQTHYsjFTUQCz95ft,0.4
CbzAV2SZNyR99qZxQkNw6yKKefk3qwKGAnrEotWv4esk,0.4
G8TAGf8pCHWUqP1ZXwKJMXK4o8hqyZdpVd6zEjhPigTf,0.4
57kGyUT1v1Pw4BGn7wHzX9sdQc4b84Mv7ktJf15TNaEx,0.4
9qAmEiSPJSoya2oSFCQgRN9LQUKWswDkLkengmUTu5QS,0.4
6evTPpNw6mLzaKUoPGjoCMktYR4EG3bMJn3nnN9aj4Ad,0.4
e1iasPr6YrPUwzAM1m9XF6YE4Rz4oTZaAjR3MKKxQij,0.4
8K7CyN8wy2XxK2LEevYdmRSpZ2EKSow48H5wCShvZ8NY,0.4
E5hXAY2Ko39rHpwcyTDZetx8w8Wby8DUF4wxrrjpcHYh,0.4
9sawYmQm3W3oe4TN6z9Q76zAEK3WESoyDq2vBwCS3KmK,0.4
5my1swkDj2bJTmR18hiQyDZyy3CD2zspcRxTmFTqAHUd,0.4
2jv29tYiNGxH3AX2MeHepCtGppxAR1yFPxhwsy1fSdBJ,0.4
3sj613sDeYU1Fmmo1LbdKXP2Jg6MnoWJZFLQQHucYs1r,0.4
7VdLnZxPPheumHhNcpP4veNgJsiBPY71d9PMYHV53VRZ,0.4
2ByJzxzcYFLAPMq1F43rnebbf9aYZFQVd8S6H32wgcft,0.4
6qb6zNmTfiHjXyNdjPqAwxZdX97KM5ia2gPXMPMRWCGN,0.4
HDHvNDH5ekW5BDWjVE7hab4a4bbhoSdh15bo6Spt5a5m,0.4
9axoDLtFzY1CBEMQh9RNnf3xzcyBiRL5yB7fR8KiGUpD,0.4
8wUq6ahHBDtU1RGDWLWoVkCz2mS9jikUgULWqJc5ACHm,0.4
Fg5xkZQuXKtxUrjKJnRpbLW35LCxb5Mwnc9aam5vZKG8,0.4
DDZ7DM1kPx6YHhv5VYn5PTHqpssMBoFyMGYuQGgJvhAz,0.4
9PXxqPjhP6aMwkgSdS1vagiy9tRJpQT5c8LfDBpGBJuA,0.4
9tuwDmU2QfPbGWofoWe8dejYaocCxZ7kvjWoUmUqeXfu,0.4
72uP8ohvvUDsujUviyGRAh5tmytKe8731iUkccwuUn8D,0.4
8RGjMqpjuYzRBfnHMDJ3vUtZpMonXVPGJrnnHHm3bbCZ,0.4
FrrboGvkrAEkxKdVXwCJaQWYe2NedhNWCWgQJbk3Cbyi,0.4
Fxv7GUdQUQQrXZgDVDrie4ThqRMPe1iU4ejG9djLqGHD,0.4
Dc3XMog6F2s1ubVJ4eVNAGV99dSKn9tXtzxzV4iJt6qe,0.4
8iC4dDwGFSCjNuAJYXsWSLgHX1W3pgqyKUEyBiACr9ZX,0.4
2xdi24oB8btfyPYjBcmSzj3DXMv8myrKdCk2VfATr4FW,0.4
C5j2SQAiuD13ZuffFJXfwJstq5apmboCBkLY2Loz5556,0.4
FkEovThXhScyHe7pF8RoBJAGk4AY71GMNmFtXVvac6RA,0.4
D8QUToq34mkWZdgH1xooYPBN2UzGvtqMnrZCxud3oBN1,0.4
BUWdfWPAGMeJy2qc2tv6U5S7Zf5CeDnBYC1jE2yafst5,0.4
8WhuvTJXav8VNLWqPE1bvajeGtRcbEgALXzwrYDYXxRv,0.4
FUDdoRp3W26Ff3VnRxdjjZYENfu1H99vJHQiuVZUcBS6,0.4
DjV4kr3s1FBqS4FpvVQfP5JZsjHBaPsAsKn4kTTm6jah,0.4
kkgLnH3o1pxwbTQp9ZpA63AxjjCE6qcLHrTLxzejQEy,0.4
HJZ8pAjb42kHUpTGxRYA1CkigLKWxeuNapdHHta7twSN,0.4
DbqWuyRNmUQRSNshgDK9LmMzzSnVYXXjXBt5nqufH1aJ,0.4
4FHVYMiF4ky78zqNGveJDndCNcp8T4JnGTfjXXG3T5YN,0.4
A549djf8TAPHynYWaa7SjPtpZREBNVEJ7kcde8S6qoVq,0.4
GEiKVfnUDLHb4XWm7a5j9e5qStac1b5VkP83BnTei8e4,0.4
gKjkqaSMVa57eueurPZBh2TNkQrzjK9Qqo17rKKtjrN,0.4
8WxSgizMS9BjwEz9YMH8jCVNcaTAUTzUiSDESQSNHdHu,0.4
BfB4NCofLjkUKbjhjRuLNC56jTShkSkJ6PXE5H4C4s62,0.4
GdUdhkpK86yyWwccZ91ST29pvAexp4WWCMvJdYNAcFrG,0.4
8xnZuj3kwkc7dvkWRp9kYKxR5esE8g6nKwcWJgt5B9CK,0.4
AofUMAWfdaPK973bmTNAHnKw84xPBbMU7Xbyr8HQJ6YS,0.4
BbYqpxsV4jT2h6bbZatpneRcCG9T1mvdjmpFZoV3hDi8,0.4
F1yVWgiTWys92HcY7nPfYdkhzb7UScxFXcJqRFbnNgBC,0.4
7vvukirnHgDHBv4FJTTg1xDgHkubHrgvpuNAeVgWLmTX,0.4
6g5rCkbWCcAqMGhuzzo9cf7BHEu87zpMeZ4eN4CT741u,0.4
FsP6dGphXDZmhBnf9ABRs7EQoijA2ZY5BbC2X5vxdUN9,0.4
4MS8RACyBgXM8anTeeQ2KbVF4eaAKgMhSPpKX3qcHjxR,0.4
4aEcHDiTFAx1R2xTv7EZidMGCLAYrpsEnHqTuxmrrQQp,0.4
2pRM98pyDTnndSFVxLdrx1HYvV8dL3KuWPKStjGdFt8e,0.4
GhHpr4ympo159vZjwhwVKW12on2A9ZRUpwnHeREarCVa,0.4
HDd4gPaKhM67CKtCswbZ4amT25g9YvwjSqsr4Ai8wVed,0.4
2vZJCcU27Fq59TBXw3dLUKqgbnBKuyzNg262v6vnWr6T,0.4
7kW3egs9dUSb2whNnBScEtH3TDVKBjCrGffnZZTVNmZA,0.4
9DBz3Qdncv5HuJNrXUTQxUHDTaXFYDKogA8SJeuSDNiG,0.4
HJUh4FvA5kM8v5bNuPr55bAJfc1DN1Lw6RaJQz41Atso,0.4
8gXbKamZY4UCxaxX7LormMKvHsUPyvJFyrPwBPzCKGm6,0.4
9pShTqgmqdg2yc3weCmEYHCFYpxJLRk3vptQpTMSGjwg,0.4
AxN6eXGED9568A3SXa7U2mti1Vf9XC7xUQWHUxvDkeWS,0.4
EXm6ScuuFrQCwLeRDRTsFWu12qc5jSLFrYpqt5DVE7ug,0.4
9KLnwYjS9HFRFSizHbBCqKRpE2GokxvLn9Kv65xdtb1k,0.4
HMfiaQqkdGjyoAeeDqWP3oT9ixLzFuWD43r4M1jKhs2W,0.4
JC44U64GYZ5NRoZmTdGYSxJL3tTGqvSxEfc5R8i2htUd,0.4
AmCWaTC7rjuBpeBSLQbbSJue4GvSNR6pdxNM7fYVM3X5,0.4
CanhUjcB6tQrmP7WGojrL4HtQMUpCbKn3SJwVbdm5sUD,0.4
4oN5XxJrhwbSFTfwyXLUSjkMbWR6kYRAiRnfQ5xqTukq,0.4
ERnfs2c34miEq718nLzoTQGx2tpNiQjRADBWYwncLVNL,0.4
ExSN727BBHQRkxPRKC1b2pb5SYkNQ7wa3K5Qrp71Hm5C,0.4
74b1byWYifFV7vPBKd9Yd8MHZfZdYkge58A4dXJk6HyN,0.4
76uhHNLCPxaQyNK6sTNXzr2s9TLWDbEX771XrzYnCH4R,0.4
A99e1SMDGCgeikEh46dWuReLkZHeSwZTTU4Y3Xr7g8DU,0.4
5jZqLA2zvtiVV8VvQGBC2z8M5zohmR1taSQdi8Z3HYGD,0.4
E6csTEevCNhHkyHPNzZ9X4y4zmPkScRje1BDNHyDz5Dq,0.4
8tyzMNCbiMf3m8cbqFdwhgtcnp18wUUG1Yw3yUcM699R,0.4
3NYhcfC6sExVdrEAMTSvRFtBLMug5uepQqruDn1wvAGh,0.4
4oQRUfRTf13VPHh7oyYcAPf7NJwcAQmFxwLk1TqL9tKw,0.4
9jpqLDKePwGnYxe9fUiJG1kkccD1DKWCwpoACpKqo8aZ,0.4
5eKAGLyerrg4Qd8t4KTBhU3rtseVZWPC9qSzJCW5DU2C,0.4
4BnCXzNogjRmMc4WT2HEwpTMnAyQ1iQedtGjbRDftykA,0.4
GoJSjQABKRvvxgJyehQpkxrZAHcD3jeLSJURf6TF99vq,0.4
6ZAAfsakrQLJkZ9K27MyikCZgkbBZS6A8znHqACq62rL,0.4
KsBDKQh7L9UPSXQCzKZhGXN26DmDCihEatKV3CfSPUZ,0.4
4qpG7rgaLAZmZrZHsEZdM3H9z2jsw8B5iHnxWMA9FXuK,0.4
FUehdo2UveQVfKhrAuvw2QzeH29ctdaNJVrZThFBjKyh,0.4
6DrXCmzuSKAZrMs23KLqrtbbHpKCZ2MBJeZ94vn9Tfig,0.4
AL2ZvDrXXiM3NPF3qevEtshL9P4jiHF8VwDAz3kCuzsW,0.4
2jdxGnPrswWTwnJDe2pXn7EEWio21SMfEu5MkQaSuPhD,0.4
7hzEQp1GtamXsoUa3PevwUMQsENCy1AKiy3nGLq9djnk,0.4
2yuXS3RhMruNbsJiBUWyxPydjEpF1AurhSVsZB2jZ8W5,0.4
4eHcTvCwR7rJfiGmTdd5mv8q7kJN8j65Qk6M1H6EgdvS,0.4
5BHapWNvuXzbDPSSmJsRbEi7apjBPT3KuGJtKXdWUJc1,0.4
CYjaNUYPU5YnfkyVbZuiVhm8Y1n7fN79ARtistqeTyrc,0.4
EcD7DHDVJNJ1zo7d4J9rds63rzsvRwHnQD2xdSEmGreX,0.4
8jsh39wtwokAjovDRWgA7GuUmCYuVfMZZHq41FAzP3fX,0.4
4WnLmfQFLK13wLuuwwhK2MWx2Tqe1JAcns9UuHKfX1La,0.4
75V763yuLKKiSNYUiJdnkiw4ZnEyFHruWLbnA8BnTxYa,0.4
5QPgfjvBNTbgpC4iW446HL4fVWaC1urGf1bkFMDCY49F,0.4
6cZBSQSK2MeGcNXq6x6DFj1iGC3EKnTq5oPDEWDvouDH,0.4
7nvRA1D8dxGhKHHCfE1YvdYajyhKyVgQfh7K7yjfUKf1,0.4
HongAnH2XvcUGJbrTYf4rcV1dQ3dZADddBZCkf7b17Gn,0.4
7PjfhUc4CCQtg97TM6dGHa3z8gn9YW783LQgihyDAHqY,0.4
GufT6GLRkD8JARxPKU67ZgpbtJUFHU24WPBpjqcjmrAa,0.4
649iic69wugP3iFtwbSKVPdH7aoFqBWumjNeM7jd37Lg,0.4
F5PpGgw8GAQ8HyBkP4VVPpnd8mRLDowHQRHY62ngrMjW,0.4
5jQvRV8uzsWH6HLEuNWiz45QjuVeQc9Z33au3VkK91Co,0.4
5sN3cfz4hZjwy2HkAStKWeL8wHhdbkW8F7USzwCzmggh,0.4
Ha7d8mM5UobW8fr4mtHWL2zJJjaWNavSj3JsptXqyfYK,0.4
J6HD2ns4MJz5NMSkTbCMoBwAVhfU1mweftowf2s5sWNX,0.4
Aq68ybMkuw72osVyoVy9UtBC5ED6w3qG5PsWBoPWMd4P,0.4
7zCHni1J9AgdsEDZv35XhboVavweZCQDV3esC8vcrtkF,0.4
bGfTGcYzjWJPj458qgin7XyKdKczVJVtL3Us5nZ4nD7,0.4
7M4nybXGbbD93ifctZAbvPb6zhzYSuWUBYNBmup9NMTB,0.4
5nmRSzcgMfu6oyHZPQhjvx8FFfLz73v3e7kwb5y3xRSR,0.4
D5VYDL4BRZH5oQc9q3fydbASm3P8XUGRu7RM3h5CyFzG,0.4
GfLRP6MCtPARtYyShNeVwycgepDyuPBcYePfHRBMZtqR,0.4
F7koK3cd3ZaUq8aQ9NAnYn6ziSGBwV8TnC69c58Qb4pJ,0.4
D9QaPqyYcu9tt5av46ADPuueqyUwrERfJhKxrhzmcW7i,0.4
7YYRmkc2JWEtsGYsmymcPspf6BhnP9aYTUZDfQzULewc,0.4
56tYwtbC9WG2zjc7JrxaUeLwbEGjai4p9Xdu2QY8XKAw,0.4
769GZMJZjYYEuiAMn6HdXMKtrpvz6L7ZYw1vfYUqhNFT,0.4
Ef9uFBs1UvTksQrjkrFMZvWrPoMDDzvGXtr1PKsuC1e6,0.4
DT5vLzTHQX33Ew9w1bpTGdE2QiCLtaJHS4bN9uk2r3Rc,0.4
GVQjkZApG6CEUFinHzgiMYnCmXTPwezXWhWFGKC2J32T,0.4
Bu2h1gBrTxzyVqZfkyyHuSrRLar3fB9hUKPoftfTgTjr,0.4
9uwBHtAjcqTbzGMZQjkNcKHyBtHzdX8yfhQMzYPe4379,0.4
6PTRuBRbDqqRuwHN2XFzwUZUpUZ7X1ZwX42QVuLPzu6h,0.4
6irBNErxezWfVLHiR8qPNYvAGRMDoU491qHeoKxr5FZW,0.4
CDyuy27zX2CHeixEp2Wb2Az3bFzcxBBnaQZq33Hk9kTX,0.4
4pXMkk4mBVbSg81Wxkpv37LUfycGne23mRtqKmLA3N7s,0.4
5KNwurZedKduVaQTWoixXdNcNVXtdwhmkZMZKxn9xMwt,0.4
3dEw93URAPnqLtdH45ndCEX5iAx1kL1FPfUSrU9qoGf5,0.4
3jXr1zDn4F2x5zF511YnMyDbHH97SzSjHTWyMr98JVa4,0.4
41bx2UU6hAPPbrYsULjBxSvWL3oVHnaVP4Zr2j5Q8LX4,0.4
AqPYTABcPc4bJdvsGD6d4NNuzwQnb35LJnqJPHKmD8bU,0.4
Gz9VmXL8tBNYRLGt5A7XZ5rEpZDBov2Td5WtZhwkA4E1,0.4
DG812pcQRHkstusUNUtrAXnyhD8rX4z1V8FqNMGjA7y7,0.4
DsPuUX4Dc1ZsganjSLXgiPFBxmeoMkyJQK4u8qLTBFDD,0.4
KR5koajdnbvxUdW1fob77GsSvkZbByEccdTgJUgkufG,0.4
2rVYwrhRjZNcqnf3WW3SuYKdXfgqRP1ToNkzJ892aRux,0.4
7XodUu2raoVrr4oQXh9Sk7rUDT8uFLaY4wq49iU379ms,0.4
FgUcEFrWQar2Mg82RuNUroaWibxLed1iGKHt9PJFzEf8,0.4
3PrqejdGHqC8MLAyPp691yVJZW8mVXvK5YnKNNQUwYe2,0.4
3jjcSxcyXhyEbfGUTyPytXV7eHqEAb2st8V8HJaT7zQ5,0.4
FdeXfKjoCFHwzgMgH1PQ7KBMnf8mgobj4c9HSDEpdsNh,0.4
EVFZvrUMhXAohAnw5AH3x49gDE1RBB3bgdE8D5wU4sFz,0.4
HEwXU33FSaXcoDoLX8AmciNDMwCssdA5DevVyKDYjbG3,0.4
21bhTXv7U1TmvFLDMARDFzPNgqqqmMP9k3tbx14qJftX,0.4
7uZt3Gq1D8v8TUc1bKWaJiZJ8einKkEnaeAtFjzHv7bF,0.4
EiD5zFDg53mz7YvsLdAAKieZ8n7gM2xHxTPmftHUVQG2,0.4
2BqJega1mrfX5NXC3kQsU6ShMidTAWr6ZUGjCvTJbfiP,0.4
GARxpF8nmeoMEz1CHcijwCQSBpkmNzzTuW9nizRwo9q6,0.4
HdF4AmyKRnAmMtPV4EE8kg6RJ9ZJkiNfsVgwrFX27xL3,0.4
GQKgy99jmtdEudwp1Wb5iYN1M1dtsivo9MtuGFcwR1CT,0.4
2qQQzo1FdB6LYyNyy65wfC8CiT7zRqwqvPSbUtHEujgB,0.4
Hd55XGYBVG81T6MYsoa59b3ch6dvKDAK1HvVJ13b58kB,0.4
9uncmy9a41cduqWsaPofaNBuhfeg2F79MurQ5RvE5oRR,0.4
9Bt63HbmFiDUJYKAMda6sGWUK1q2cPMDfcxyqwiF9L8Z,0.4
Denib6Sbc18hUY9aJidcwoBrymYKtsBRM5dtPrVEXSdQ,0.4
4necVZuMQBuizmn9yit2JUmTi4HcY1SNS68tRDnu6kRX,0.4
JCyrxqtfpZgbVbsTAu6f7Grj4ofQxyW1h6KH1rFgMdCY,0.4
E6663g2yJESBhaXtNLpJwbGzkg8F98mEjmydPxbht1eq,0.4
6ruxYcomRL5FtXAk8NFYDqA7xeiL9nunA1uv411oPCSB,0.4
93NFhvB2WzUAAEZEkyqqR1kuJzeN9g5EoWrvgSEuQADw,0.4
24nxM5ye9WVdtDCuD2YiXHiBB3ZEp4CzmosDBug9Hmje,0.4
H78UJCDP1JtrF5Qpjmwohb31TQWhNUTXvUKdrEsyoTgT,0.4
3bGYRMDjRcXHwj8Fkj4bq58XRi3ewd2wdaWzsLwp7M8K,0.4
AnBVRfcUFzL1RhzvMtU127HjdgMSj5MNqNx2WKfYAvNp,0.4
FUfYRCNBN1cn5yBLysYtJcmX2GqoX3kTUXWtyd2rzgfB,0.4
G23bPRVoy32sko1vcDnp3VCB2xoemS5e54U3fvcRXSGr,0.4
5NndZEwaUX22uH5uXvr5QkBJ61nN6mQp3v2cgJ7hmeTL,0.4
3ninAZEiPcYrJskdAP29Mt5hH7UHrZ6HdSG9bNVA7Jm8,0.4
HKdu3HC2GgVXW7YGEZv3xyB6BARCenkEfrZLdPGump46,0.4
6xKRYAFqTx1btE8Rv7xrGQdFuzRBcysMXLSFHrscE698,0.4
EW7Qrj32F4r6guDDuJX6j3TE9i12duEXhmLV8YJpNsJ6,0.4
7JQZkW5rFwj1C7PwE5sKAkgBVE92hgpbLQGBG9V2DSP5,0.4
85itKwwoeVExPNNYuH4tJtgdqwQ5HQQTycVae1QiAv3a,0.4
2in76sjWKmXRJw6dMx31DfmvqenKuic89kSbv7Lv7g2K,0.4
GWiPAAcPGH9kHN9k9rvoSxxizNF4HawetibY4L1fydRM,0.4
DGPnd8veYPoS9eWUKfu9XXo89deYk9avAdehCUXUAMh4,0.4
Axn9rUzCjdF2iS344cfPsUe8NSGiJe6Ds7ctLD6SFDyh,0.4
FXT6WroHYhbPTPQy3ugvwXG4xbr6PTa47sHrRVLoGZhw,0.4
7Qmhvc7aScCfmNgUTU59ByEMgDczhY4ECC9NEyQpbnte,0.4
63GhDVJHVFPUBZ9RQ5mL2p7f7oiSJ9WS9GJ2iSDvGHN,0.4
wrnEPzLNdPnNtu6kRPggR1RQPBb7MBJ58NvivigAQyZ,0.4
Cjx4g8ocsvjdygodQQypdTTNMTKNvDm6Cc7i44ba14Zx,0.4
7NT2oS5zpCYqfeQa2UkWDTTjoPbXu96F9H5tgAGA8muD,0.4
BjtBmLejyULmHXJdUTjzrN1R9Xg79ZLoK6HQx7Zt8USV,0.4
9cMgvzKnchpi9xHivpYBMTqTW5gZyqT7TFuiPbpGd7kx,0.4
8xHM6k7Yn6Pxj5AZkBEkG2rdS37ct1n7d6xwaCofgeZ4,0.4
21qMWRjKS2vZxZRcc3vRW5iLtwu4kS8xLsLP6RNaqtcx,0.4
GUYgn7sqJh8XdcGMYuPGyUqX2CVFkxFCK7Ui54LifkjY,0.4
Bfy69yb1cPNxYLuJRARf5JGc6GPGAbXumqpzm6RPriwN,0.4
C8z4F4gUTUoqXZmGjhfMqX97B5RWYvWBPWx76hbn2cVU,0.4
2SwtQgbUv6eBH22DrdiXZQ8L9LbCU4hptp4kC3EgLai5,0.4
G6V9GdNCVz5bEdbt7qBwqky7cwCfuv33TXnyMBZK2JDC,0.4
F1aev5gdLgA72g6dYfGM5rXugawwzEaXRfBJKKPTeV7E,0.4
7z6Jyr6k2FcaPZE2yDZkWBgr7ped7X4L3pwwU4Cna6k7,0.4
CsxG83ERCky4B6SegzNJtPYj7MpnAP86zd6RGV89BCdF,0.4
8888884FwxTfNYiVsawvpnLAb8yB5n2AK4fRK5bJDB65,0.4
68Wep6pnxeyBEAxPU8bhuWSfbkR79nLW4gBmdBZrrqFo,0.4
E5Spu55MaHi1f61y4PZDAr4ZqCa6KLEeL8eaELg8JkVY,0.4
7d7BVpzbua6hD8i8NMgH8Ysy32UHX3uD7FvDikUptbFX,0.4
GvL5gMsCD9h47bABUFQfgoj6ErqCrgcAykg4xaeFatz2,0.4
AZ1hxZtRt7Cz7MM1G5VxwhWEdF1QDdwj6iT9bBdndmMw,0.4
2tXoFWt8Eg8gZCqBTdm9LWbWMx4twbMzkqBPDjfQfrmb,0.4
DSPrmgbuoJUVkPwNgAkoCAE79gYxg5JGGpHuauUEFVLj,0.4
7a8vC85aiQoV3QZ8rx7t6eUroqadd7Ui3ur7m1JktMxH,0.4
EWL6zYRayjXo4Sk2otRqo4fq5CH1y1ADv327B7nyjMPY,0.4
CdaZY25Vuze7NApShyMiibaFMyGhXkgco2QwCJSWLrHf,0.4
2vqHrzMpppgVxj1Dto28W3qya7XpWeqZUn2m3k4dQViy,0.4
5MMQ94Hfrb9eVsdG25K68MmWteYndHuwR7gpMQhU3R3S,0.4
8hPB7eRGJkpHhxuYDVm9csdGdZePMymrRzc2VEL2F45p,0.4
FVZ3sLJYKpKQg8cjA739ZXpcp4sPu5ah6g3PTCmuRMCW,0.4
FVVRNsRNYraRaouLFVSBo5daxPJ8ZEKskHwVMGdnjCRH,0.4
yqKh3Ty9HrA1Nd6HYWnaCvhBwnu74FA62ofsnqMbtDb,0.4
GZRGCEsGYdB6aEjSp8gg3VNko1qiXNNKLDQWcDrABExy,0.4
EgenShkgRSj6Sd39YcBDmGQjwBGAkGHgdpUPVxmm2VVd,0.4
5T1WyaHkvtjzQoyEHJbcaueDraVMJNRm4WHt22RwgHWH,0.4
19Pzhvwum3uZ2U4Ymrt61759WWJ1c8vvycdj9CRLSeC,0.4
3DsdEA2YVdKC7Gc4Js6WUvSs93ZwFcjJP3Fgoqv6AwFE,0.4
DhbAmbciGhe2iQn5YowvvAXC88u8gqnC13pFfGY19VN,0.4
8Bt3jMXf2wCoXH9xRQ4He5U9Hb5EQtbtN6rwQgo68FSu,0.4
HkFzuVQE7m9GoGKD6wm6XuEsdqdUeCJQEuuPW91xWtuE,0.4
9HDbJeJ1nnsXamEAWYV3yYWT2YRzxJ5NLEXQLhFZDxoN,0.4
F4KWCN5THkjinBRsf2SGorR2SnmsX6rcj8MFKGFwzqYs,0.4
EXALTKfkYpUJfE9wQKF6TmZwfAvHGEw7zt7hkRYpp8Ev,0.4
7XnfQdTtcAMA4gFCSXrNSHKt7odS36i4dsRYVaPN25FL,0.4
4DVdDBqEfvHPcdAJ7zCEodWbfcgY5iqtJexZxnfcZbxb,0.4
GhxuB6RH6g91Td5kovtBaHnuRiSWo4JZdyD3RZgKzQEH,0.4
MW2hCJNovyi79RiKMxqno1p3DSXEDMV412VGjdd4Rjg,0.4
BtWhJKzHGAxyzfWwKYx9vj6zBTMBPPZX2zzprxWCW91Q,0.4
Fo6JsJDV5vLgCczPArp7c1k9h56kgTGF1adiRSzcJRDD,0.4
Ci4ijcvgLwYvrqpy53CWQ4ChigKjypPJX6RcjdYF8mRs,0.4
4pYsMB872CnNRpCzwHk9bfcKegjuNksm98F7c3WNhyr4,0.4
8wekSKWHiwwK1VBMaP6rAYvxMAAZtPDq27z8cTR94zE3,0.4
49tbdfA95k4v2LAw2dsQp8fvLaAYsz9Whgn1XQs7hQXR,0.4
FoNfsRxLwCc9LwqSHgNhBNC3k7agRhwp5s1xgYsgqoqx,0.4
2MjcGttoicN9caF6mpv2JZZ4NtcsvNQkrpdW9jZtX28Q,0.4
713jC1soLqPGYrR9GN6K4y4rDQXp8R11kx3YT7p9Ppxr,0.4
49FYWPBS8iUWHPEfUN2Ryh21kXqihncavFYHcx3xv54u,0.4
CHyFVakLecCoZbjoCEF774EU4JgdRodBRWUEE4DpvG5p,0.4
5CocjJhEJewxyio69r2hnKq8NGV6TL2YorKjBM8S1rhd,0.4
2d6kkDQu3Kj9Q5pDNpT1KUtikSyJMMwFXzpsevei1Pbq,0.4
Fg7RXkroFucVuYAFWuv2rVgoGC59S9bGXAyL6HAF59Az,0.4
BDf8tyBVRWvju1sgVFE9HKvQTzLV7E89N1ACB8hWzFHX,0.4
AeuWPe8KL9KDZUc5yk7Aa1AZHEWsQY1K6jErdP55L3K5,0.4
7r8cwjLkW1zJjipQfAgQtgpmwjoan9Y6Qc5npwNFqkRW,0.4
SPafF43a1RmvArMAKLg6aVJsFLcJftPmb6Hu8JNMktV,0.4
ESdhgiEHMmyvureZjGHesPbpdVPuAKDzxMpvNjNzCsmP,0.4
3Vciii9kzGf3YFYGzD7se29SkYvTQ4t4ZtrfqE8HguWn,0.4
96Ko24NMrCuEzoURSsiiwB48MNcWhac4H7ZQRbeKnCNG,0.4
5o7CrSUjnH8BPSEtrYz31RSbfersVLnGuhHjn5wpSbf4,0.4
92AhmPgj3NovqiAJgStj823q5s6RSbJSncNgu9apyFuc,0.4
3jhD3ZvWmsf6ZgKFYwisGUT8hbjo1Z29uHW5ZmyAW8bs,0.4
bY93BxS7hmVFsfGBH43swPtmhxrXpMbURuUu92t6HFf,0.4
5v7KwaVkKD3a74jCp3KqhHCaGiwuVerYjbXhyP6UHngD,0.4
BmcEHXdoErEot6jyrvpM8FfR79oBq7ahdyxAdFeG1Wn1,0.4
7RR2Jo6Xx8kwmoB3Y5mFiytRdTJsVy1FSa8ziZGj9zJ9,0.4
8oF5RmacA46jFja7uQ9Hs1CRR5JWRJZ2hJ2QdTA7LCy8,0.4
8NMe7GrAJKroHW16ZZxNpSMLGAcLKL5eCPUgBWpuD2vm,0.4
EJynL8b8euUYWfSfKEy89Q6vZdCrTkLT1CiKMv9d3ojy,0.4
9gue8ERhjvZJJyALdqBejEqFYhF77w9drnAGnWTLnCnh,0.4
FKP8ZYBkZwXEykbUJFUk1om1jXD2c2cLvBA2bRMCbmu1,0.4
Hzrt8KrvX3XkGXids7x32SRP1Fb12tphoU14x3jW5bhE,0.4
DpSVESsDuqyftL7JkrshsJ6SBAaERKhCkYVduwkHVTpq,0.4
FGWwRuJzgtjAAGRe56Ynd7SogLaEcAAk2a3W6bxoysfw,0.4
CcBKb22bDnGiGD4VaE3ZqmzdjgKt242HrYjBbCwMqa1m,0.4
76zxaUvd5avjVw4a1K9ukoBW4pP31td9TsM4TrWBPX2H,0.4
FuJcNRjftZRZvUiWDG3TpPM8F4566iXDbzVFdPhQbEri,0.4
CRTCam196AL2HfzFBG6UNnuUcA7oatFKhpYz5qCVycRx,0.4
4Z51TshQM6aVBKnV99sbA78bMq9KGfkvDNWAkuFZNJ4i,0.4
ED4CSMUHLep27FQ58sJ4hQ8gfd9eHuHr4DtAq9te7Lmc,0.4
4UkvXEkLBqou263Tyq1ijSJCUmFmGvPZvj16M9qdxb6c,0.4
FVvb2vaTxcuriTUqKEz8YsDK2vH4eRLHC8aEPMdmhBgr,0.4
DqKCFXJ8kt8v1rd2m5brXiDQKpqY7x8b8tefBoQj6pBP,0.4
Gccu9FzBe91uo9irDa1Fox3gdY4NHrgo5D7QphYPjL8B,0.4
251Cpywp4tU49BDG9o4Uf1N3Jmwh8xDhY8GvMcMVm2oV,0.4
CRxfyVsNn8XaKyTYmYS9uwsAvvpiAZhnTcufm6GF5ari,0.4
EpHnVZM9vUSb5cK3s2xHZQkCCU8AUFhgbbU9hrDZ7Wte,0.4
GXa4gXxa734ZRLGpzEMumY1dLJHwvaSYijw5kJJZUphD,0.4
2seuGqJRcCo3BHM1ptgQ9SUG6aNPQ2LnJmm8oEHRmiYt,0.4
6PVCXEHxDFNoRskHqHnyfa4ykD3a5eQHATvE2ccSP2Hn,0.4
BSXmz617VLdprwj81PBRoZbZWxz25t5BAmk5RDH41c1c,0.4
Fqzj8f2KANgUg59zRenvS8anj98bE8FLfABEfm2aT5Qh,0.4
2cBDeCfrXzciwa5ANcfXirSBL7emZjX5z71PVSnXqbgK,0.4
HS5nCSThYSWFRYanwmdEPVkZCQP6n417qWHUU7X174RT,0.4
HQo49h3c4J2R2BAhAKbUgs8swgkLf3JGadGAKxt7ahz5,0.4
7rj2Z4BFBjR8N6E8Yw5eoAsbWod8UcmoA66fFPdqNsAY,0.4
3oH1XJm2n6Sossr9CXtu713U9HvB1TgrqtuJvanjtJwH,0.4
DVPzpPcz3y8VJ4WT8dkKScimDmznMWh3TRDzihup6niE,0.4
EdbgwQBEWvYoZ7g3vAoLX5G6ps4XB9nU6rKivdNEyUSM,0.4
AhvjtsnGcT5xbsgmaHkwDTaPeEgU2XBE13v9p5zs9Rvn,0.4
2wNoPXw1s78KXuEYUTY5Pr1keDMoA2DffmwzHbWfkKHt,0.4
2cFoWmKC74BZ1sEnuz3GFaFJhiYmbEX2U36btiL884hs,0.4
8Kv6Z4qx4hTD55bjpBwqPo7TbkWScZ9HGSi4HwAKyCx5,0.4
xKq9XEN7Z5eQQHmHUvDXZa7Rq1PpS2VXrjx5tZaP9jH,0.4
BZrBKcWyQSXhveZc6KRnoQ4Wsu27yZdw2vpQxrr8LSKH,0.4
6AXeYZ8WNFbXnTFEpJVUA8v9N9SrJsKFFJptE4uFpecQ,0.4
e3Kt9hJerSDwYr1VUukFQHLh7RXbJm34dxRYAV4fVcy,0.4
EE58g83H3Fda7a9jgohmMAwGvKDCTJXebGd7hN776ks3,0.4
7tCLqrMMzgSb3mWUVKzTxXWpNzK75XCG5pKumiNUHbrb,0.4
AJ53YSXiAX8LG9uzVQWtQWiQC87Krgfzx1Nnckak7Yrc,0.4
GKXLX2yxTbi9hbHyttzFa7FfrqhUpFFxR7oAconi98ap,0.4
7vWo3sjAgstvM3nwHpEoSNwfqxbYBuUJk8S8tgkuinJF,0.4
2Bf23bdycLqb6p9wKu86mWTzXUR6mK7eS2qRsCNvxZjC,0.4
5Bu76qEVT1kd8to2eeKrrVfFDYttvBqGi4ZMawcU5Wj1,0.4
84zAtvouszcHHLw7aau1KafrjHmjsY85sF4KMZwady9b,0.4
2yFZfcqGraxmop6fuYPktVHBBbawUmGGvAvuiddCLYiz,0.4
2Z3xpRhhEok2RFLxEvnXZJsLxc3nUbc8BdH4WTWeWZG5,0.4
FW5o1G6ByPht8wRU3HCBYsj2ahZUcn1sRwy9USamQhAV,0.4
86JGPVEm48KvduqNpZ8R8i3LGMpffEuh54w7m85VJb88,0.4
63DWEth6krvd7pEwhJ6J6QVkaqHCWAMB6uhzxdvSYdD,0.4
CKMBd5HiKpvuAbidWeFVdFVRjFr8h7e7D6n15z5SRQJe,0.4
Nrh9THFAKeNzzXDZMAgUHeBKvWfP4TADXnjQR5GgQh7,0.4
6jUmcbXdV9vYn31RLeb4u1ybJ6ipxEKbxZgWPvgC2jZa,0.4
2wxQkfPNSuNXYA7E53VT67YTRQtjeoVEwZJuKDZb6mrn,0.4
GaekbPQJ1pNHFFwLZZjR7vwiV3pAUTYWvbUsPFUtTer9,0.4
7BT7WsayVbAwJfCh7jkehVPnVTRZbr1MZhATm4b2p64R,0.4
4edAJriqwLbLDNCZGcopyxJcUUsUU8RQhKtWfVoYrBiK,0.4
5qwzoFvsoZa6tYJAe9jhCsJQaYZ242asMFmtau2mCJvH,0.4
2xLzY3BKh3SriEdnKT8ujciGWx4dpFhFfQmPnXe7zAew,0.4
PrMdDYvzSQh7SA4ydFW9x4qxQVTXeEq7KvYsHfzK6wT,0.4
CDZ6uWnzfbWXqwKDdtCw8s2uzyqyhfqa5xZRKGyuxXnS,0.4
HALkwzhMPFK1fQJhimZx62TVqYCvhZYq4bnEmyjknPV3,0.4
DYyiG9p1qtgaVZCN8H7NgcxszjuoRt6HdyZLMvTkoQjz,0.4
8hqjU9JWqgWazwmsc5iGhVxrfzKDaevtZ2YkmCx3XfEo,0.4
4TFMBsJq2EMd7KbqajwTSZoxAiG1wg67g5P76vjGt12t,0.4
8drgH8gdsJRWUAERt3CWnJ3qyKJ5JXmEUT7vpV6wgaPv,0.4
61ftHqTAmEtboazU4d5fiEjXTpBMecQrWppqZ7SDUWnf,0.4
CBNADihCYAFAXoQuH1m4vqMsPsUgExyRxAfZK6T8WGbo,0.4
23LUuheqUejLoKV1mdy8WxjRafRMUJam3i4yAJteZM17,0.4
DZpdy1AT43wb78o5eVCKoXcHUYxV4SKE5RuXBzbZGqNH,0.4
2LgmipBwfM9A1EEcoCPhkLPWroLSTPSx9X4QJQPnWEhR,0.4
4s96jMS8sQn1AdC1CDuv74QZ5yUAfick67Fc7KPLmqbx,0.4
7Uy9KcdSdeTN3PASkhvTj6FcFn7gSg3CWuPKBmmUWUtS,0.4
GfKwtnqacBwM5WwEtoPVMkcwA3L5Z2sfgb8GnfZZxQVn,0.4
A4EKWnT1N4Pu6iz3w1KEzUTDkQS2b9bRgAG5241WJ44T,0.4
4CBXjX9WnaEafyU4aH2Yv5W8cHHRfdvHLpdnHEWdH5jo,0.4
Gz3E9KU11aed7SpShkkKP7gGxLXbf1kfozAZDdYS9gR5,0.4
7f1rDArHazXvpNvge9jFcuHYnFyGBoQcrqHhQYwoytnb,0.4
Fzhxsj2Fiw2XgHcfXX6grz4Y7JBAUSiAL1hbF4QSkGQe,0.4
33smUtLwWvdNj9huRWtB16poNTMHn6imQecRxk6Sf6aQ,0.4
42ntQWTA9gFrjwBRbsTRcB5UXHgwPQ3xQ9YWj3eFBkph,0.4
GnR2kL7NxtTCWW4veXCK4ftKP9Sph9Bi8VMHv1rD8sUx,0.4
BkkLwYnuNVqKV6XKsqx41DQ9wJQvxLht5DyhZZgsfV3J,0.4
4bDetq3VKJt5XdD98CcvkUFLTUEL7FCwfZMt7GnUeAU7,0.4
C3RysTJ9UFyxYxT2rpgNkbfCNs1DyP3ykMVaiQ15oQUS,0.4
CNNgrkAHANs1NuAwUb2RmF5S9rg7DyXjXhF5kTrruN2A,0.4
3WdfN28kQ9R76xKkWKuaGpRfTKnHggzNqYkuNiyx6eq7,0.4
o8ovTVL6LvpohoptZUwusAT25zYmtQbLiGXf3JS77Tp,0.4
27DV2ZRvqhDxbvuoUfMuMdsA7MAoECH4xf6fhxswfMtu,0.4
H765XgyJfKFCdgB26RwtUzUqEgm8TngJZqNZn1Sx6sn,0.4
9CA79ZrABYuRjDT3NbiiuT7Af6yFncfzVCzpQBKLHufG,0.4
5Xdx9h8VW1xWrVjjVbD1vedtKTqzyG1sZZFNbZ4BWehU,0.4
CCf43MkQpiSf6XgLUoj5ByP37EgVpkbDFt6pEFHz536i,0.4
68rAvbrTNWqQsSpJpXA2ZKvTQTiqjAqa6z6Z1xA8pyv7,0.4
EX7KvWB6S5AaDAJTrCN4E5oYw7LkVprJuY6UriQRABFE,0.4
3B5hiFdmRgN9kRPpYws6g1wDSUpV436Qv7yMX1VKWnjp,0.4
HPt8iUtYMbWZ2uLNnYoYkUFeP1bXJNGBVwMpZoMtjoUJ,0.4
3jo6GhDKVqCCf6YdjeSMzu954o2RhBJcHvueHXGNjawD,0.4
7BxkwKdqnUzvRf2xb3JMaynJi1x6Qe7APaeq8WnBzZXY,0.4
H7qXonEk7dsCpSpQZYzT16vworgJdtBb1WnFnfzeWXYC,0.4
FcjAcZNMSrvaHhdKkEV4H7FbXqKtyqMvqvfpGytMF3zq,0.4
B8ZzxDTu9mPnNtEgfBYhLPqnrzvxyzFJVEE6U6YAd4Tm,0.4
ATkTu3k4DKFavL7Xg4apNpsrwbPCuv9gxLD6Y3kLAkAX,0.4
CMjLMdQUSRtvQs9Kvq94zjmRjXxvPxQ78RMhtDbX2CKy,0.4
B4QJRzRyh3BhmecEjtqYF3KpfNaygpneeVmQnqn5XBu,0.4
3u8gyvXDrUsdcJaygCiznyTKMru1S8hKawBg5wy5jSCJ,0.4
BquU795KMxqcvF859c8GnMLfQc28VyaApxm6DwPPbqDK,0.4
BJPKA869EARfziswFfdW8dby4VhdxE7ke195Cb1r5YYL,0.4
DBxNUgCE2PGZj86hFDSgsrE3wf7CGXgayUkhoP7jVh8w,0.4
5zmsasZVJb5sKgcNu9w9jwfF9JVSrw1VQij2GLt38Wm1,0.4
3RckwVfywqgVuDgiWdhKNHEvmf9jEeuBHhvGyA1dc6g7,0.4
AWGj325JMQLZq85hkYpgphNQ93kLzWvcDdrsqg3jk7CV,0.4
CV4HQNLrc6nkRLZ7sXBd1ggvPhhQ1Bz7ynYQvGveKoYf,0.4
6To5YCJA4wNvEXNCdndgcMA6XiC3PFr4LgXSvZXhVhXT,0.4
2ngK6atMtp1dDtVpYmC33BQYZBqGCivymB9vqYwBQ79u,0.4
5GyjWAzjXrvy5JFaVSfdZ3gkNegMFh2QvAgCcDMPvgx1,0.4
83WaoYtLDMc5DHENgYAHUDR4mTzx4UuzVze36tyqhjjR,0.4
AQn578wfGU1qQGKaAnRtYvv1Cpo3Dc5fNLA8yDyo6eVY,0.4
7onrPbfNdzHvLSfn5ms1y9vTkmfFxCF1hyVCgMVt2ts5,0.4
ALxZPZ9KFNwrFvaGMLyaM6Z4edoA5G3Y6TAV3MppTRrf,0.4
4zXjjHTg9cBPUWyQGYUanK1qkCTVKbhMtbuwFb8HL6Mw,0.4
8eegQv6kYTAyWj3oQaxudmPBktJ3MXnzDoKmBtZ1UrDP,0.4
94YxSTHy2icqzN32T6CnNxU938Gwkc22MtATXZZ4Cb7v,0.4
xmJ1aqpbySKMitK7WtboxAvXmenLeCcxHFHLrWCLAx5,0.4
AnLHxe9cK8gqFYKsNWqoz7aF6uNN2e2Gwm9F7RfenMyi,0.4
9EizyeiD4yGAkLUQt7MC4yUVbjMunnAzJETJc42E1qvT,0.4
9DXm5j9LGWaPu4MogVyFEAFgCUKi167nku5iCmgDv5kk,0.4
3BRLjskE9LkL4gwCz9DTgToaSK9Ymz6aqv39evLNQamP,0.4
4McPVA3Pswdy5put4zKQw9UyiSGG6T4x2aN8Rdd3Kb3p,0.4
ExWA7uwEiXCBD5EqJ1Yj5opQmnbkCBnfb12k1kZUWXkL,0.4
EnJYPaACNfNrwCy5GUaV5NQbcZnxcwg4hPEzVgtE2Rug,0.4
8Az3t2C27cdmu75MHHPvqL3FiZJ5HuABgUconXnGkuiJ,0.4
CcdCrzBxvUXo4VrUUwAs5c8aMbECLu5pu6dQGN5FZ2Ta,0.4
2NfHBoTPSfjoy8HR1VzUD8sqkPHTA471hEbd5po8yM9B,0.4
FsYJbcBgFArBiJ5mjDSRosPDZPgSxuJ6jVob71UsuWAB,0.4
4XdUJo6qXSbjsB8pEVwVCGa3T8bdNtWoi99RjPeaAjJZ,0.4
Aw1F69eYWjy6Ap9hhvwAhYhGvWubURdSXrUrVowJknDL,0.4
9e1eevpPTvsgxa27UiGG7jY4FZLrAEZLaQztXWXg6syw,0.4
Bdtg4tZHhL4KSfxJ9N2D1YwguuxDfSRHpv5QU4y4zMXW,0.4
HW42uwjdQL7hF5H7gmmfGLZUFKLSBvprMn5K8D2chBiB,0.4
5ZruPhobkdUEBVmk3vQZn37uYNYD3X8SjLAYxLbpuM4j,0.4
G7aZvdeEA9Ffx38UdjRDfXMqDA7LGjUwdsux2DkTGkx9,0.4
8cTVBfnJjFpkGYJY6jaMTDDs7vhHMxSkWqf3YixoEAX7,0.4
54jeemq7yoAEM8UCpQXUqVgeSjdngU7zCBbZx8H5zL2e,0.4
4sHhVsNdrzDfpo3mzuUsAY5k16vLcuya11KNEbQGUz87,0.4
xa6FhXqqUVi82J6QnELVmMBV2pEs3j8oatDRJtx2Rck,0.4
GNP2BoWcrf55GHPmCGxqGGSTNajeENyKQNN6dtNdnLZA,0.4
A1YH5yDs4nbt5E144r4LfguR2UYhGPnnBmuvRR6qYDus,0.4
8H1J9vbJAvdfeLUMzhMbyXpA2w5tKipE7JM7MTquNEad,0.4
HBpvpxNgKHR7RrD2TtGzgw8TYz6xqT2VPZwdxqzoN7Q8,0.4
9xFWywssLcCEuRiLZHEKzPF8RpbsXANr1hSjShoyk21u,0.4
Aum9RzAz2BDQpKY9Bd19abVaA7JMrWnDXjWsLrvPWnUX,0.4
CAp7uEPwg3TVxtiBFGYDNgwbeb7NBYCHrHtoUJFtiSd5,0.4
4dFQ6NHEto2V2N9GYW65qPWQ2Kmsa3mwWHXbFsJk9BoJ,0.4
FMM66swKnhX8ExUewQqZmz5DvoLgjyig7Yf4B8rNkTT8,0.4
rRprMynwjC8EKYZbVb41dG5JU7PpYyQcJZebyKnw8xQ,0.4
7naDC3pft6xY3ii8uba9qR3nqwhxKnWyhfTY98zApcYs,0.4
6GrmctVp4AovPWZ8MyQH3LZ7cuZEUdfUYHRysBYBEJHK,0.4
4ibXZFAtNbCtDDjAbctKxTkpuVYCnzZVwXdQvzniDfQc,0.4
Gz9NQXQBayZUFmBSTqm6bbfKRrcrZhBGXgboZQyepvho,0.4
6qDsqYvvuhEQWPo6ay3qrErmbmZ6dpBAhSSHCLYgv3SY,0.4
D5r8ex8LGXmrV2gmBDqX2qDwvQTKrd5PjHbRVyDmENJQ,0.4
6xZi5ZWAtXdwGcFVJ3MVGRoFKQjU7kim74QG3jvwNgar,0.4
9nDNShuvzBA7LwB6udhHLa9EMUxRL5EHjvzo2d9FWV6x,0.4
HCUZMwP16PUnLPbK56TZnGKz9vu6T68xdfr5xR62hvb8,0.4
DPvZpbqmyugkHLUwjGr3SHLA9hQ5G7Y8n5gihjk2pxC5,0.4
3NXrUcWHjtJk7gQZqw3UG6CZoJrfQtTp7NhbZgv5sm7J,0.4
4Qyd4MmwFkWQPqotoJXnqB68DdTRSCRrLxUyNj4sFhVB,0.4
FpQdTV5hEC7fig4P6tDw6t2iW5crJedEK3xyve3mUzL3,0.4
Ahq9Czf9WwgbP8gaWwNnFukCaxECU7MtdAooBhi4eehh,0.4
nihaoQm52sUycyUy64iXL1LLBNRBp2pJvVwodBL2M5g,0.4
7iH3qughDD2uWyZSXJpJ2mw83V8Fk9m6bmiJcuiTxLN,0.4
7mexkxhFeyp9oz8CnuiuhkGGoQWNkDLwMA8XX6rUun15,0.4
4UKiCUyytWqxGGwBsyxYJPFPfk4134xrpgR2NvMQaPCz,0.4
HyCif61WxVDEYuEno57M4M1fBSgU4QRGj1VFfcebZTyC,0.4
9X5tdiotwTGhRWRyvQ3RwoVrCNCvn7dba2v6UqHgApgn,0.4
Pe5KpTUGMd6gC3jh8ZBmMx3amzo723qpvQArEV5iYD7,0.4
FsejhpuE5pHeVVrTq7mehWrTwUDaV7CB5vwiLbY1BMZW,0.4
9A5d4zmJ6ytAM6XedBGdpF1AZHVu2BLpPaWmfYjAebpL,0.4
D6HnHT2zNSDb2ks6pZ8AEtHRgT1hWhiJA3MWonm8QHEQ,0.4
GU34Hifbw6qGpA9UiHancqsY6ZxUJjyWuunBurpwhLQ4,0.4
72YtaXkPXxtdFEAwmcXchUScWaUU912U9YKeComQciq3,0.4
FcV9Vt8Jsc9eCz8Dc7xacWEYqpyuS9cGkc5rNQ83EL9c,0.4
B52hq3ZfeRdLqe3FJPJdDEhYJi4K75KwLKENHWyJjVax,0.4
BBGG451hPfBsX98xLJJHreJ2ZKo7rfaudwsZjfbGVjqE,0.4
FPGi28meb8mHe9TSceebPq1yeRAFB3duRVe38quNzcd3,0.4
HKj9itzJwtj6ZHg6ztMRgSHsqGS6voHWc5otPMEN6mJM,0.4
CeE7DQt4bTs51LtpkyoX4S4APgdwGXEBEC2AybcnN5nX,0.4
C7ARLzESuPipuMjnzh4rCFVatZrooKNhFy7D6dJK32e8,0.4
4wFXD8oX2iGox4ZZDht9mK6h739nqgzYkPSXZE1Kvrpk,0.4
HPsERZaSdcZcBcqtNsdvMcFxrC6q5XTVJ5zxV77bZ3ZA,0.4
GfX8bAMbokZFKCd8q2xgNWgCQzqNZ3rroj5J12zH4CqJ,0.4
8pkFQq35APFFSWtDq1cwYzrHhbQyMrLyF3PK2jkfZaeN,0.4
CqwRbwjKK5cfjjrbTkrcPWBAKfWEmqn8dG1XuBXyxwJi,0.4
AqvDryoK3FCHbSW2BFVHphsDJKxEc9c1uUoZ9Buvw7on,0.4
2JjNYyC9USVotFtHwPZV9wQbtHfVu6LadKsu4HkCEyjs,0.4
2VEdqinuUgRR3KWecP9EmUjz4QtVTn723Npo84fQBggZ,0.4
nSu34assxxdRxmamcVSVqtz2y1ZXQcjh4d5PZmjnG3E,0.4
HG338kRNwsW45Jb2cRJQ6dnSKd7hqNDfPMNMXkinktVi,0.4
EvCm6NwX8u6qeQjNmQT3EnysbUzoqKXTpgFb6GeLh5Ek,0.4
Dcf34s91tBCTHHzqymF58fmjq84mRN4tYToDqQG2GJK8,0.4
2EKyGkrRkWnLvJ7AfUiV5Ws8Zvj3wSgUx2QvX6qpX3qn,0.4
8sHNmRVsTt55zcGhijnSUY2N8afw38K7F4q7xdLosybG,0.4
8888zvhDpxSnJTVBvG2MzwGfN2oX4n8uerWwPtbv8888,0.4
AttmUGG3GXqFEzbxWdWVvK2kivZp9h93fFj5ryGAX5vV,0.4
HjLcA25nciZ5SEFUhKQeNhe9JXeyNn5bf23nsDBUdgwA,0.4
FnhuwsMHKoGSk9okNR3kB2fx95xfAynGKQN1UNzcPeSd,0.4
6birgWKDmmVetAacBDTyC62V2FmKykDDimrCShsE8fBR,0.4
E4H8TUdWtoc8LKdvGSnq5GwBZTZXhnDL7ZN2StQNeRzS,0.4
DzthuzSkNwHM6PkYZWUMPHn3jFoaiJ77ukKa8jVLC21h,0.4
CRQVumSXFRw4fqu27cvSBNMKCto4TW1tcPAr9JcS4n5p,0.4
DpFHjqhQRfx7sDWFX7QpHUBqZfGa2yy3J3Pyxajbqrap,0.4
FxJDEnNd7dtTwmXqB4N9ZhMK9x77fsWLkjAAYDAzEz8K,0.4
8efuf5x562f8xXmYept7psQybpgsvxL3yBux5yr36d8u,0.4
EBrpGeDn5mBgQ1AGh7MVPuXiNfWDBBtUPnrDB6qBgtwZ,0.4
J3iFa1EFfdXV1t16bh6yczMbdRBNVRCXWQxQvJGSbmNL,0.4
2YWJMQQCrLVgD1K2rpt2cMqaNFRQ3QuBfnmz48N13foT,0.4
4xFwdsCUY7U3ZmSgrwPF3XjS6G1Y8R8WkoXXkuUtWoKk,0.4
9LdpcZpfLpphCxb6BDckkGoLqb7sFdAi3CFfnZiCtAnw,0.4
Do8FhNez1VZvZZLSdDG5nmhrUpr9azWwXgz1Y9Ppy9Er,0.4
yXcJ4eGzxvTWJp9Z4cXv3CT8y8DZaxQ5chKsfGGWrmo,0.4
6f28PzFHe8ErhvnKtofF8HrJs2rKx5Ck7iVNgr725SUp,0.4
6xbM4nxkt7rAYFUWvCxj8AuNJmFFu6pZhGuWjPr7kGm1,0.4
6rsDWxx4Z41uM9KLGN8zEUZgVrhase43t6MKqAts5nzv,0.4
9vaBznz97ULAVVxzYTfMoa8BokgFkRfZW7znmrDZB4qS,0.4
CJrz1MZmpWPkPuWk7Mw2SjTmvaHJbf5uaxP4qgs7fgUD,0.4
4vAWkkEwkJMfuLMmVqbh9PQBjjW4ShMvVWxfFgTfjkqm,0.4
CroP98px8J7gU1EXyMeKfradjewEn4zEYTcxZvqmSS1v,0.4
GYgTt3TmUTDmDNYKiNZBWjoPE2u5YYF7DXBfiJ68XKcE,0.4
5rqLh29tertNqAmDUHdsMfc9vJTcqsLsn7RykKd7mgzR,0.4
3nJaSvNRssuyZSyUoCfzArU5dFsTcQiE4YCpZQF5qd2A,0.4
BeBE95FbAJyg8frg1URh32iPi4tVP2GPEv7vZtXueQYq,0.4
FGMmsmtXNonSgbpTRidPdkjd2hEbVxXZpfaKeDPmZfhh,0.4
EXZ7fQLgFpvarGbiBSDhh4wD74SgKkR6TniumF2UAH8,0.4
4o8PeC5d9Q3kYuChuJC4fwvAiWC7Ssu777qyeuvCYiSB,0.4
EiiA1r4vJ4NMPJE75ZeGwfhyetmaVhEFwZFEJ7vm2jfm,0.4
4VcKEJjryRWYtcKaqNjDUeVc7nrk2oS97FzxTvAuCD3d,0.4
C5Gs4vDt2XQJxLv9TfYbWNbTGg7zNof9DXw1qmtMGw5P,0.4
8tYhgzttCSH5TEUfwmor7gr9teW9z7cbspVAimLZ7C1A,0.4
2nWA3MAacY4EAzvzVPsSYgFyzuUBCVHaGeofcR7YDa6F,0.4
8FBajaoKQfNyMJuAZK9D3Q37wby4uJXhFfhu6WSe1gq7,0.4
3DZbzZAD6EksqPEPWcKsgaYiFMcbpcgmMXhKgHsAT6SF,0.4
BuVKfgkaBUKRwBqgNZJsKMSo91Zc6PpUM9GyCfdhksSB,0.4
3RrBWNXR3h26EQ1Jp5CKPobjnQHPT7vwy2bDGD6m8srB,0.4
9AFLDo34u3rkMpvzdE6T9CGNF9WcQ19ydnPMBGnGvmvq,0.4
76ea6xkc9HCwjiuao8ABo6bz6ykxR4ubXHJn3x62oNA5,0.4
ATidkssWMKmAJxuqEHeSMKbAmydF9jzTcwExEsKdaQHG,0.4
EDMHSLizabGpwnn1xbf5GMT77MCuLyMVeo6fZu2cnUic,0.4
3eEppi2TQ417QzpyF9nTx6itcjAZAn2LZ4aGrCN87QSM,0.4
DWzqRRwH7gEmq9cxXbwc16qcQyY4MDpfXbBxFBuE9VjS,0.4
66tLpsojJtZYyGLP1c3zkTQRm3sjSRfJbFrqNE1883Vc,0.4
AbPjKYZmmb8Hxn4wS3rR5eUpWEKtuQfN7pnviDrtkbmJ,0.4
CiMcLykuM9umEeZkoNvtBSSpa38Tdo9aPGWuCXbf6KQH,0.4
4SUi5wDQosGtzKEyroHcpCNFUsk4EkmDEfizc5vLB53u,0.4
9VT2oaQXeA9uh18eHYcMsufhtpsWC26bifse6oBYdiT4,0.4
FcxqTj36ufocArHDzybvboXM3QnxErGtFj2UKh5L28o1,0.4
NSedqFA9SmSzdA2itL5EYHX3R9Eb2eTwhnZbTSxwcDy,0.4
2v8ABWsKjcfbKTn4A5qWWBYtVrgJymCFMA1Reag6GXmG,0.4
A1Lws2rZk7wWxgs5Y7JXwkKKBUL4jJUpnHYyHhKmwaNm,0.4
9u4zATMVZG2CLRqetPbZS2RJNStLmhZwYCw5zzokVgoU,0.4
cbqVSNondAzY2LMsfjqKU67GyasjGnJg3Cu7UbBft2c,0.4
BYPFXBn6Z6SwszZzTC64W17fU2b23rXz9i489oYMB5AQ,0.4
7KvGrdfuM3s8vj2Xo6gq1BLKumc5k2Cvuq4j4NzsA8Ld,0.4
8BxAyxYVxaf8dFQd3Yo1QEib7kKkVKz8hgRgSA4oFJdX,0.4
EiACdqFXYRdTrxpmRCQHb6Y19wv3KbtDK8ktMnCHJLVJ,0.4
9mACdbNoTCPxfvNxbMVHcnzfF6WTbi8DtNjiMJZXXko8,0.4
BWgyKoDKqaKJheYPwojisetHjwv2uSuTMrE9cUfUumLu,0.4
uXEEbraiFriNuKw96pNchPeKiXcUZYCaXRmzmsZdpVA,0.4
A1rMu3zJaXNDZZ2PSuGbh836E5f782yjXHY88Kx9b3qB,0.4
H1LN8LNxM2HsxRbAp2L9N4i85bnkJ4AquemWyXfMCzHZ,0.4
6tDNSmQxAw7ZCkiCvJtWGngQDJ1Siyd8wDQZqmVrK7fS,0.4
CNvx5JrAkmJu4iA8LE1Q2zW8cccZyHgHS2Hx9D7Q3Ecc,0.4
7MKEbCtmxfDYgFqrUgd99rtJfnFjjubbLUcePuk6bYAF,0.4
B1z7uwP5U6ZnE2jzhkySKskSXp3E1wRkLGGVamPnaqpA,0.4
7hrRs726tyvYfn9uLwVxg94JupWPmAHT8e3KCfBJaVDR,0.4
WmP6fHZ3L8NDtfJbuNTrHK2aYmCC1wJksSuZNWtTwt2,0.4
8wb99VHZqdr9Y4Sxe2vo8MtS4pA3wksieiLp8i8p1x9U,0.4
4U36JzDskysUyRMpdsNHQWPEd34xjbCSvwkArTPNwhN3,0.4
132ZqvW6Zau2VfVGQBiS52WdDNDHhB2pkxrS5FC3V84x,0.4
2cJx9orBJFwPzvMwUE3WqkN1mMBdMgF55o6jKnxEKdq1,0.4
EcARYmF5SS64EtuyWcwp176bLw1Q58vKNsW25R9v6hLz,0.4
AXZZEHP1gqfQLNzzUPYwrL4fpgh6K9VhHyJ6TqxtqBSC,0.4
HWzvkJAuCaUZDBNMpVcRhcWKC4YxKCzm4LkZytZebSub,0.4
9cK9CiqEw2XSRNTs97R6LFbW7fqx8yfifBNwQWRJGDJH,0.4
AjjQaQzwKEE21nzu62DmWjLFeV2FGHiKVNYne11vwbk7,0.4
ZYYdNsATA5Zx5bS8UAGYwNpxMjhE3VL2PQ1JD1TdZYY,0.4
7gRA4B2exvuDFJxdKyUJpVuxNSt7XBsXNPJse4kX6Uij,0.4
3zJ8AGKtwr62wfwikThNy3uUyKbPQSYvm7XEBzed9HbF,0.4
Br3S4JWHmm6GtjHLDQ1DnYYtesDKsKtRXA4TzDPuJhrA,0.4
Fz5czmyM8TgCAf96zthgb38sh4eYPS85JvE6e8QUCyCk,0.4
EwMRJEb7xVVJYiDYakqkcsyEzzKwfLa1xMV8bvM9YytZ,0.4
D3KUXnJuPuVHLHm8nki9nPLqWLFAstDndG5WSTEPtf24,0.4
9TSaZbiLfJjfseqsY8CT3v1jJ6PMe3tG2sFUfUwDAXSh,0.4
2UsVySAnXFTmSjR87EcRtJgJUTd16PMmsBvrfMhNT7cF,0.4
5ueNvv6L8yVENnbhs6SJ89G2NLvw5VdTNhR8WAXC5LuK,0.4
D5wrTT66Ct5kUcWgSdaY2uR3EMUWWvVax5s1H7okCSws,0.4
ER8w7YH1nSUB2ergzhzrdYJiGPAgTHf1JsxAxhaHyVMq,0.4
Exk8JFDM5pi4dcHxAjCbkEJTDfMskf6W7ECoxTG5rj3A,0.4
7YgWZaVNZq15bdsAyHHAfHjmuff13gFZKxtArNqjEWXh,0.4
31WCeQg1fBQ8CQ2AZoMXxrdydLHbygF6fjQjwNFfiJod,0.4
6tTAZuibnXHr5GSoSADTarxwtpU71h81TLHSoKMjfURs,0.4
FJcTLRqzjouwVteG2qQce2ucBjGEg3MzZFi8Tef8Mosn,0.4
C5cGsigNhorsTZMi1PjpZULNZGmcZEKSWkey1QkG1U4Z,0.4
6X5QYTEENsFNV2xZDGr5nnUzxr3VVtKwSUedHYLh1LLd,0.4
DV6MtRrfnLe5c8cb2R7ww6gBM6d4UZHh9X2v825VUxjL,0.4
5BtQXYPUnA45C57L59VgnXHet8WmMXkW7aefe9xaZQTG,0.4
9qjcqtPDWUNBU4ttEshSFMSeUdJSAQQYYKMmtN6UVzzd,0.4
QHZVBh5ZGiR7EZpjeTT8L5vVVM2Niizkqy5p666HwYe,0.4
4veXPsKQJaDPCcdmbhVawFDt2xohSSwDZTWq7XNonkyT,0.4
FAppCLK9e6ZNDF9CBjQu2tN7SQw47KiuPZ7QHPfp6vtA,0.4
8Sd6yAtrJGrxMvFgsw2mwy7xnoqA43QhfNKoidbigtbc,0.4
2vcdDfNcYAYSqzFHBHvKgH2SpB77RApr18ah7Vps8nGU,0.4
AkKuVZmkfqXLjhvzfzA6b1jFJUtva5KGFuMKexLxgEnV,0.4
9S1QSeEgxVFN6AMNqSoTSaUZg5fNjXu9WA3ziBdkW7fd,0.4
Eq9nHHminBHHZJSeQmF1EbTzPjhEisJTPMoYUSJjidna,0.4
9UicohQVgvQtPAoWgquTV8DBiUqp3c4eSsDwUSaHMAJQ,0.4
54GzHGspNBX6MR25xY3Ttp3Y8iHLKotSg4a3V5iWXYSG,0.4
5mrhqVzDvtNKwyky7yLqMbHj8qxoXDEMmd7h3rAQxiHa,0.4
Fs7ePJZoTvEL9G3R61e4ahdiaa8a5JueJa1L2mdKwttV,0.4
2SYj6Aq2ELgdyVDRwd78AGHaaXBbeJgh78MQQ6tYHxpj,0.4
CW5EjaRQSLWxnchCwDen8xHYv6Sv3MefTDRQ78SExtvh,0.4
AvTid3xgBDdfm2A7fwpGZzbAt1HmP7VRmvLPC8Y4RoXZ,0.4
58hBudEFC29nUmEwcvJgDcjdxffmUqsuq1Tm9pvMkqGL,0.4
2W5P7szyNzfwnHwGFg4Sp4q9AHdwHSqpNzmyyzwKMuNq,0.4
3k4YyMEAirkxpqUZPTsAN2FoMv5KZov4XQ7KB2pX6BXu,0.4
4FFxCAoDmv3uN15kg74RZH4ieNwwAZYDAoDBaAAX9DJs,0.4
Fc97M2XA2mRyNm7DRFSvLYdcq8TKZpXufv2NK9UJF9yf,0.4
ZeRT3fDXRXDcjoh95zpyAf9azTxMMi1Cq9AJuudDe2z,0.4
8LyWBXhX2MLRh8H3V4RvahqmcmY4HkRkBdh1DrJyhE29,0.4
HYSuGvnTBoSGz9ekbB7RiwNtE1rwBXU54V72q9ksHjyP,0.4
7UCFc4eWzKS85dGpMtsNhVjaZq81ASTqKcdm8CF8jMPa,0.4
4ceRX8wuJ1yi3CXhf56TyyP9AvdY9F3sqXntQ1gqx7vX,0.4
5Cbd1WXa74ZhXcZPD4tyoD6TkaD4rP8gqce3f3a1hMDc,0.4
7MbngDjJggWWZtgG3Hf42SFRYhmBhT3WZiYPtUHfojkq,0.4
DF2UeBDC8GtuNfEKzjPYpsjTyzJAsXez97awgEsdTrR5,0.4
8YHZAnPPEFwBetq9sP2YBfZhM2TUE1gNvpye5cwsB8tn,0.4
CwAAriyJUmwtiC1z1pCov6XfBXdDJY8iM4ZGZi1PqXne,0.4
9vYzdXrDhJVTz9MTwNBtp8phbkvmFG9HoVzhXoswi7ho,0.4
7zAvNpkxtx3wraE46WUgGhHzTsvCHSjRwqdPnxzopjiU,0.4
7qRXdU3KpQT5iK5X3bR5NZnteDbu5KJhCmCzYmKrFf59,0.4
9HoRZrNscjsPiQj5TfA8ueEsGQ6rfsPT3QoWXbkmzS8m,0.4
6GMtPBHBcb67jY4pQWFHuxgyqgaHRHJhryMkMKM3Wx4a,0.4
F55TCzFaG5p3P9b4ZvcAJWxVSptMdHGM3d4ggQzCL55E,0.4
H6RyxFRX42Wa5kyh3J27MnRUMq4Uef7fkLYRTnSQ2Xf3,0.4
DZc7hXuAmC2sCbZCHuRcTpEvMjYRdjKVpY33zCFgSXvA,0.4
BMQWNtcrrE7rtajTpSaXh4s5GnsVqBGFpt2JP1wew13G,0.4
G29WgyGNPFtj7q5qPmM6cfmX1io5f9jFGinhadWERuhT,0.4
4D9rg7Bpnm2KL8mtavCHwne2e51yqY4mya18K3EeBVHu,0.4
Ehhda3Szh5czdyuY7QzafWKuUmdSuPbHFkL5PibMh3RY,0.4
FuDS1mr8zJNFFyYjr9KniYaL8HxCUxi5mD1cvXdGKUEj,0.4
9BP7dsyiLX2BCJg9KncLMF6MZD8wcaYn53Fj9JNKbx1H,0.4
AFaZxRxZq3XbP4xYTronA2tcNLPGbyb9EwkmE2LYhXPx,0.4
EhWEEzdxDFakRU2B9NaN1AvDGNPH6AUvoLxbSZaZSbFe,0.4
AFxm1RKUNawTLS7CRSWeKPbE7M4M8eWhB2WL2dtFivwK,0.4
DfCg357tLVzD9JtkseGrZJs6VMhHUURMMVvWANJjhq8o,0.4
8jfDvAWwMKshZLvnduHFgWnAF7kGeYxwcfvVFLt6shZy,0.4
Dzcvy6jFeLQxxYQ5YnUTWkXJHsAN6A91DH51uHkXX2hR,0.4
UmxtuzuLrw5wfcx227ixYASpATkBDd57VoVmGS4vdHm,0.4
8Ta6cV71wJtza5VHvo6w3QagtNJKATo5UfUQxxiFQa3t,0.4
9Q6MJR7qfj6qhmf8nwJjzqQi8rkYiCnCHwJknW3ZfcnA,0.4
7izDx8qRvkxxiLp2R4qFJzVbvQuad1rhnJBQa2LWCYQb,0.4
3bwSa3tVmpTNhcfUB46UNpB5C73aCeFo73edJcDKAuVU,0.4
8UrG88z7HbxynY1MkPfpiAeQcJnWQ4bWA9wZHSyFUsR2,0.4
B6iatzZaD6noWWRmyxMGEWExzRE7N61ZqMz6bZjZsJUz,0.4
EEK4qUgq3JQ6UTKaCXCnbmbRHydR6DssBUWSqnwdTvRk,0.4
8by4j7aBQ5peosHhcDa7xjQGuTYnYYG91ctEDvXdf9LP,0.4
7imGvwwugALCKQASpR1eShgmBQE4iZ2bxERd1LGTvtsG,0.4
DFTrAWRjpYV21TzQ4JVXB2CniBwuQ9zC3vz8gkGPwNZ9,0.4
GQQcT1zVYL4ykeibLFAYy1SfRWx7wt91jv2qMFAsJzLi,0.4
BuigsGE99CExDWFSnakebgAHjjeDh89spmkSnmF1VPiB,0.4
BUihx6xXVpcaWUWsSANMsBCPJbwZgVzVcRrSPKoffJiC,0.4
bq21f3RkAHkPsokMHiBcXwyeLxspM6YqAUKn8se6Hwe,0.4
DDRqLa44JqES2DgE73AoJQjKXvyqHQto2BL2FrZtiRqq,0.4
AqBtV5BL8ZCsrvtKWRuCEw5cFjbv2W7nw2QwxnaKoNn5,0.4
HQexRRQYA4KJx3TUegLZyTsoTJ2MGn4Kgidado5MiYx8,0.4
J8F81yQeQKkTJYzL7CUeKbbH9DdJX4xeoQRQ5n3c7Rxz,0.4
6n561SCvXJuh7wfY9Du2FZiB32GwDEktibXdfzm6TxeG,0.4
4CKqu6AKmJ58RRjH2eP1vi6H127vZ9EbBchnxfSGHk5e,0.4
G59t39ExvLYQ9yEf9M5J6runPXUDrdKtWp5MgrRFaxV9,0.4
7adz3ynM44DFu8T8jNPcANptRak7VLZWcUckVe3rafet,0.4
AspDi7vGBCKVF58WmFX9viSYCUMneYZu8XUaYSoVoiTj,0.4
598to7E5cXx2bkrcafMTBNxMovak3vQ7M7ALk9ZnphE2,0.4
AcwpoZ4K1pgDGPuTTP4Pyn1QuPNrKFvirE8PdWXfAwx4,0.4
3khhNoC4RoYuToYEG3toq7YYCrhp5gbR1pMPL8EhNX4p,0.4
6oQ8stALRrZT8Xgqd2PCMXjGZGNSyHGPoo9gbxZWSJ2v,0.4
FWgktxfcM4QxLSESx8qa1JwB2UmtzdTUB1zmWNfsbaxD,0.4
37yVXv5kh3Pb3LXZnCHsWcHop94zhrjFyegCQ6mzDaQV,0.4
AUiLBxADj4C4KrUuGCv6ibYaJ2xA4rjuiWW3QAdXFycb,0.4
3DKGv9NzjJ9hD2fBT78J6PdmzRLQDTZfCyS8kHzEh2yh,0.4
6qzwhUCCRaqAeGS3TmLdwn3BuC6BoT9xFTnyVmz3yCtv,0.4
8G7v5gbhvYs67o3iG7tqNG95eQdC36qmkWSmRyCui4K9,0.4
8iHRDFf9XiCYPLQu8vHvP5iGVpSWAMZPHnwjSVjXGX6E,0.4
Cm7xZ2FT8umLwj6gLyb2FNDtjhRiMMAAWh5vcoqt5VFy,0.4
4qrHN6pRqtETA7dtZ1XvUjLpw5jEDzQuQgPEJd9cboE4,0.4
667xZJ3oAtRui2i5zyNtPMiaj2W75jD5JrYHGHsNGb1y,0.4
5Zx4QyxBWkcmR5bbC8iWQdqVd1XvdPcnZmtgjHFn7XL4,0.4
9MNGaAQWfcx2VbLKF6krWaDVBpiUZCGosUb8BaRxBnFv,0.4
DL4qTCy6ymc9SHZiDY1GB47hYdgxE2nhQhMdfcEAGE3v,0.4
Cv3AQCnxynsrF6SDBG8yvhx6RigJYSStrwdnf1NafPwh,0.4
JD35iU22q4eDzkpFCqVDdc7EsNMFp5GtGuSp4hsbse5D,0.4
CpdmgAw9K3Ncv78GC1Ltgghnby6Ad7GRzBeuEcVDw2bd,0.4
8MfqjKHwtge4DrVkgMaBN8aJAhvd9uTMXTDYyuKNAuun,0.4
4AxzXqi7VsMecKjfLpYHd7S9oiSzmYxsnkqL6qYGvZ8K,0.4
4GUPfs4pydHvPgWZGF9d7G64bSgtMJkmtECEJofayofH,0.4
f4xzgn2wcN9oJmqTemTXZAMQwQVDyUq3ULvEPjDFNqY,0.4
BW49T36j2tJ8bgwh7oQfKMvcKLzUyyV4CE8VaoPEZzmu,0.4
9vzPPy2xA6PCg1stmEKtU8SbauQfVrzYAQcqjsS8skA5,0.4
8ir9RAGAD68JN1NSnJhLHoXqehBWhbr5ZFuheC9rn65X,0.4
DYqpyCFPrwg2p5dvDxPc1gzNXSnXEzesGuCHNwnTK658,0.4
4NYtPpdu7PPiYLDruzZo6miNMH5xH91BYpTNFvFFMbMv,0.4
GmK7KTPVTonTV8RD8ZgwSYEnGQPdkU2gWSEPruRUSfsc,0.4
FvX7LRGiCsn2ceVBSW7HrosrYxhyKRyBspxjKE9gpN6b,0.4
JE8zkSdsHDj9nuxs59AgtVdL5KKrEikTf5hMJtTd1frP,0.4
92N3MwDUfC9wCnYRF4XvhTZjumg3z9v49MSr1Hafe4g2,0.4
EGFtBiXo8TbNN8upkhmTGmHWZKjUtnYNWGy2kTxtXFNp,0.4
fDPBxyn6rkMGBgFK1JW2Hb8SiEdNPi2hfhJd8ZjEiq5,0.4
6QUm7B9eshpW22EqQZJKq8jbbMoLYsEhEtrPDmC8uowT,0.4
5SNeyNFj7vzRuJmMjc7Ao97hKtPVP1QxGy89JR5K286q,0.4
B4CnA44AN69nDnsBxew8G3UYEtVj9KMs9VRoBQduYewx,0.4
395t4MJxaC83fttdaD83PaVfPbfzBSAoahzPRsToHAi2,0.4
EGkVHRM9CDHcgUkKU5d1bawozpHbenjKzjD6xcBKWxy,0.4
Dyu6KeQb6hz5ohrqCBU1nZmzrD3Tq4VVMY4eBULXw9vU,0.4
CJF48qxPo2Mc5ReYGzAzKx6REFzPiPcKnNM5PngDZwcP,0.4
NxdQqUg4htzPAJbZAGCrDp6SJDf397vjPgAB4fNjrwA,0.4
HptWNw7fhFigyxUh5BfhgVjjnzv6hyZNAXzC5dWveBAR,0.4
84XEhEnh9LdRu3dvaEwG3jjetYHqfjXcQFF5NSArGBh5,0.4
4V6rdtiLv4TWLAEGnxySNLwTauPUCZAeVEhjGSQn2Khf,0.4
4G1YNnRz6x9FAhEmufYmZd8i3HtBsQm5Yb8YNVdJYXsm,0.4
7iU34PsVWHa8nxRV8phXk2bJaN2e3kt5XHAXzE5BwxfZ,0.4
94ecYAGfuadQzYSp2hN8n1SFw3nLa74nSwCfeHzbPJ1z,0.4
Dcd9E13eSejjBvmHWBnLLXLBo9juLCFCbZ7nGzyPz9tF,0.4
Hzf5jEVovUABjTPbHy92P2Pqq2mKy4QhiKGK1F9QoLVp,0.4
GXJvbcATgmHFZZ8LC5ZKtop4btTu4aW4v8QwyCM1U88p,0.4
ARaesdeZ4Wc2FmVapRXrfPcPfaMpJcc7Fkwp1fd8z932,0.4
9hpVQK19JpVT5ojVE2bSqcdTb8TLkVXrTXHGfn6tjHyT,0.4
AkDBJbVMfYaa3FHZ1rnc3689FPoMpQPp5dTdf4jUsvHF,0.4
BytnCsBoGrQyStvTrnKJHkaECNrFBUAUrzBGLtzJsEEg,0.4
HRDmUC6qQPTQjY911AaxVtTrb4nTNX1KH65aNNui6Bpf,0.4
7xTg7evKPvJUBtUfgfvhgsmm4X3RmDzC3jNWrQFvaVDa,0.4
BDP9ChVvewMbYcaaTqoxCK46BpRcHymF1yRY3y8PFERE,0.4
5YSPhbgTJD6Ard4McFDXhtT7YNqbTEjqteRaaAQQoVpy,0.4
EYbTs3c2PMxEXS7yNrzxzmyAXtWPo7bnyaqK2ERh7GHD,0.4
ABBnXhL9Me9t1111JRDzui4v29gWHHZhnXEdEGa8kQtw,0.4
Ar5yeikzaRFjsSsWvsfxnvzxG3BpS1V9cHzesn9TEHK,0.4
DoeKSdx1fVCz1PZymKp18Sqa12tP79WA6W8HBmnssg4R,0.4
5KtTy5hdNTWTSTUuoasMCegDJhQxbEQtH7GVhZ2n8teV,0.4
2WuF4RtZnizMwDpF1VDTQabmiq8x7fW11Y4sEdn773Uf,0.4
